qid,question_type,state,attribute,stem,options,gold,entity,entity_source,span_start,span_end,span_text,extraction_rule,confidence,entity_correct,span_correct,notes
sk00240,Association,Andhra_Pradesh,Cultural_Common_Sense,"The festival of Sankranti, celebrated with kite flying, is popular in which of these states?",Odisha | Karnataka | Andhra Pradesh | Jharkhand,Andhra Pradesh,,,,,,none,,,,
sk00586,Association,Arunachal_Pradesh,Dance_and_Music,Rikhampada dances is associated to which region of Arunachal_Pradesh?,"Hoshangabad | Thaipusam festival, notably in Palani | Udupi, Dakshina Kannada, Uttara Kannada | West Kameng district",West Kameng district,Rikhampada dances,stem,0,17,Rikhampada dances,assoc_or_country_associated_to,high,,,
sk00655,Association,Arunachal_Pradesh,Festivals,Which of the given regions is home to the Tamla Du festival?,"Veerampattinam | Sandal Bar,Chaj Doab | Digaru Mishmi tribe from Hayuliang and Chaglagam area | Punjab",Digaru Mishmi tribe from Hayuliang and Chaglagam area,Tamla Du festival,stem,42,59,Tamla Du festival,assoc_regions_home_to,high,,,
sk01243,Association,Chhattisgarh,Dance_and_Music,Which of the given regions is home to the Saila dance?,Anantnag district | Surguja and Jashpur district | Golconda | Uppada,Surguja and Jashpur district,Saila dance,stem,42,53,Saila dance,assoc_regions_home_to,high,,,
sk01402,Association,Dadra_and_Nagar_Haveli_and_Daman_and_Diu,Tourism,Where is the Nakshatra Garden famous within Dadra_and_Nagar_Haveli_and_Daman_and_Diu?,"Largest lake in Kerala; spans Alappuzha, Kottayam, and Ernakulam districts | Silvassa | Shimoga | Kullu and kinnaur district",Silvassa,Nakshatra Garden,stem,13,29,Nakshatra Garden,assoc_where_famous,high,,,
sk01781,Association,Goa,Dance_and_Music,Tiatr is associated to which region of Goa?,"Panaji, other urban centers in Goa | Kamareddy | Nasik district | Bundi","Panaji, other urban centers in Goa",Tiatr,stem,0,5,Tiatr,assoc_or_country_associated_to,high,,,
sk02332,Association,Jammu_kashmir,Cuisine,Which of the given regions is home to the Wazwan?,Bilaspur and Kapal Mochan in Yamunanagar district | Jammu_kashmir | Ancient India | Imphal East District,Jammu_kashmir,Wazwan,stem,42,48,Wazwan,assoc_regions_home_to,high,,,
sk02829,Association,Karnataka,History,Which of the given regions is home to the Sharana movement origin?,"mphal West and Bishnupur | Diglipur, Baratang, and Middle Andaman | Itanagar | Karnataka",Karnataka,Sharana movement origin,stem,42,65,Sharana movement origin,assoc_regions_home_to,high,,,
sk02905,Association,Karnataka,Personalities,Which of the given regions is home to the Pandit Bhimsen Joshi birthplace?,"Kadapa | Kudalasangama, Bagalkot district | Tirumalagiri,Hyderabad State | Dharwad",Dharwad,Pandit Bhimsen Joshi birthplace,stem,42,73,Pandit Bhimsen Joshi birthplace,assoc_regions_home_to,high,,,
sk03078,Association,Ladakh,History,Which of the given regions is home to the Pangong Tso?,Konark | Ladakh | Golaghat and Nagaon districts | Surguja district,Ladakh,Pangong Tso,stem,42,53,Pangong Tso,assoc_regions_home_to,high,,,
sk03179,Association,Madhya_Pradesh,Festivals,Gotmar Mela is associated to which region of Madhya_Pradesh?,Hampi | Serchhip district | Bilaspur and surrounding regions | Chhindwara,Chhindwara,Gotmar Mela,stem,0,11,Gotmar Mela,assoc_or_country_associated_to,high,,,
sk03252,Association,Maharashtra,Dance_and_Music,Which of the given regions is home to the Lavani?,Minicoy | South Kerala | Machilipatnam | Solapur,Solapur,Lavani,stem,42,48,Lavani,assoc_regions_home_to,high,,,
sk03602,Association,Nagaland,Sports,Kene (Naga wrestling) is associated to which region of Nagaland?,"Andman District | Villages, especially around Madurai | Largest lake in Kerala; spans Alappuzha, Kottayam, and Ernakulam districts | Nagaland",Nagaland,Kene (Naga wrestling),stem,0,21,Kene (Naga wrestling),assoc_or_country_associated_to,high,,,
sk03784,Association,Puducherry,Religion,Where is the Meerapalli Mosque famous within Puducherry?,Chhota Udaipur | Sandal Bar and Chaj doab regions | Yanam Vengadasalam Pillai Street | Lushai Hills,Yanam Vengadasalam Pillai Street,Meerapalli Mosque,stem,13,30,Meerapalli Mosque,assoc_where_famous,high,,,
sk03872,Association,Punjab,History,Where is the Partition Museum famous within Punjab?,"Amritsar | Papum Pare, Lower Subansiri, Kurung Kumey, Kra Daadi, East Kameng, Pakke Kesang, and Kamle districts | West Garo Hills district | districts of Firozpur and Fazilka",Amritsar,Partition Museum,stem,13,29,Partition Museum,assoc_where_famous,high,,,
sk04125,Association,Sikkim,Tourism,Which of the given regions is home to the Khangchendzonga National Park?,"Lepakshi | Madhya Pradesh | Mangan district,Gyalshing district | Sikkim","Mangan district,Gyalshing district",Khangchendzonga National Park,stem,42,71,Khangchendzonga National Park,assoc_regions_home_to,high,,,
sk04308,Association,Tamil_Nadu,Tourism,Chettinad mansions is associated to which region of Tamil_Nadu?,"Karaikudi and surrounding areas in Sivaganga district | Kangpokpi district | West Sikkim district | Ranchi, Khunti, Ramgarh, Hazaribagh, and Dumka",Karaikudi and surrounding areas in Sivaganga district,Chettinad mansions,stem,0,18,Chettinad mansions,assoc_or_country_associated_to,high,,,
sk04779,Association,Tripura,Cultural_Common_Sense,Unakoti is associated to which region of Tripura?,Tulu Nadu | Chhindwara | Unakoti district | Maharshi Valmiki Sanskrit University in Kaithal district,Unakoti district,Unakoti,stem,0,7,Unakoti,assoc_or_country_associated_to,high,,,
sk04790,Association,Tripura,Cultural_Common_Sense,Which of the given regions is home to the Emblem of Tripura?,Tripura | Tangsa tribe from Changlang district | Coastal Karnataka | Puducherry,Tripura,Emblem of Tripura,stem,42,59,Emblem of Tripura,assoc_regions_home_to,high,,,
sk04919,Association,Uttar_Pradesh,Art,Which of the given regions is home to the Chikankari embroidery?,Warangal district | Lucknow | Upper Assam | Braj region,Lucknow,Chikankari embroidery,stem,42,63,Chikankari embroidery,assoc_regions_home_to,high,,,
sk05041,Association,Uttarakhand,Cuisine,Where is the Baadi famous within Uttarakhand?,Puducherry | Indore | Kumaon | Kalaburagi,Kumaon,Baadi,stem,13,18,Baadi,assoc_where_famous,high,,,
sk05154,Association,Uttarakhand,History,"The state was once ruled by the Katyuri dynasty, which significantly impacted its art and architecture during the medieval period.",Punjab | Uttarakhand | Bihar | Karnataka,Uttarakhand,,,,,,none,,,,
sk05318,Association,West_Bengal,Art,Where is the Harmonium famous within Kolkata?,West Garo Hills district | Coastal regions like Kanyakumari and Chennai | Lower Chitpur Road | Churachandpur district,Lower Chitpur Road,Harmonium,stem,13,22,Harmonium,assoc_where_famous,high,,,
sk05602,Country Prediction,Andhra_Pradesh,Costume,The Mangalagiri cotton sarees is associated to which country?,Germany | UK | India | China,India,Mangalagiri cotton sarees,stem,4,29,Mangalagiri cotton sarees,assoc_or_country_associated_to,high,,,
sk05920,Country Prediction,Arunachal_Pradesh,Tourism,Which country is famous for the Parshuram Kund?,India | Italy | China | USA,India,Parshuram Kund,stem,32,46,Parshuram Kund,country_famous_for,high,,,
sk06018,Country Prediction,Assam,Cultural_Common_Sense,The Satra is associated to which country?,UK | India | France | Italy,India,Satra,stem,4,9,Satra,assoc_or_country_associated_to,high,,,
sk06208,Country Prediction,Chandigarh,Personalities,Which country is the home to Peepal Baba?,India | USA | Germany | UK,India,Peepal Baba,stem,29,40,Peepal Baba,country_home_to,high,,,
sk06778,Country Prediction,Goa,Cuisine,The Bebinca is associated to which country?,Japan | India | China | Italy,India,Bebinca,stem,4,11,Bebinca,assoc_or_country_associated_to,high,,,
sk07010,Country Prediction,Gujarat,History,"This country's cuisine includes dishes such as dhokla and thepla, reflecting its diverse and rich culinary traditions.",India | Indonesia | Malaysia | Thailand,India,,,,,,none,,,,
sk07295,Country Prediction,Himachal_Pradesh,Art,Which country is famous for the Kangra painting?,Italy | India | China | Brazil,India,Kangra painting,stem,32,47,Kangra painting,country_famous_for,high,,,
sk07438,Country Prediction,Himachal_Pradesh,Personalities,Which country is famous for the Dalai Lama?,UK | India | Brazil | Germany,India,Dalai Lama,stem,32,42,Dalai Lama,country_famous_for,high,,,
sk07841,Country Prediction,Karnataka,Dance_and_Music,Which country is the home to Dollu Kunitha drum dance?,Japan | China | Canada | India,India,Dollu Kunitha drum dance,stem,29,53,Dollu Kunitha drum dance,country_home_to,high,,,
sk07846,Country Prediction,Karnataka,Dance_and_Music,Which country is famous for the Bayalata folk theatre?,Japan | India | Brazil | Canada,India,Bayalata folk theatre,stem,32,53,Bayalata folk theatre,country_famous_for,high,,,
sk07865,Country Prediction,Karnataka,Dance_and_Music,Which country is famous for the Goravara Kunitha dance?,France | Japan | India | UK,India,Goravara Kunitha dance,stem,32,54,Goravara Kunitha dance,country_famous_for,high,,,
sk08046,Country Prediction,Karnataka,Personalities,The First Kannada Jnanpith Award winner (Kuvempu) is associated to which country?,UK | Germany | France | India,India,First Kannada Jnanpith Award winner (Kuvempu),stem,4,49,First Kannada Jnanpith Award winner (Kuvempu),assoc_or_country_associated_to,high,,,
sk08115,Country Prediction,Kerala,Cuisine,The Appam is associated to which country?,Germany | Italy | India | Japan,India,Appam,stem,4,9,Appam,assoc_or_country_associated_to,high,,,
sk08184,Country Prediction,Kerala,Rituals_and_Ceremonies,Which country is the home to Madhuram Veppu?,India | China | UK | USA,India,Madhuram Veppu,stem,29,43,Madhuram Veppu,country_home_to,high,,,
sk08337,Country Prediction,Madhya_Pradesh,Cuisine,"The ""Maheshwari Sarees,"" known for their unique blend of silk and cotton, originate from which country?",India | Bangladeshi | Pakistan | Nepal,India,Maheshwari Sarees,stem,5,22,Maheshwari Sarees,quoted,medium,,,
sk08450,Country Prediction,Madhya_Pradesh,Festivals,"The ""Malwa Utsav,"" one of the biggest cultural festivals, is celebrated in which country?",Afghanistan | India | Sri Lanka | Maldives,India,Malwa Utsav,stem,5,16,Malwa Utsav,quoted,medium,,,
sk08619,Country Prediction,Maharashtra,Costume,The Nath-Marathi Nosepin is associated to which country?,France | UK | India | USA,India,Nath-Marathi Nosepin,stem,4,24,Nath-Marathi Nosepin,assoc_or_country_associated_to,high,,,
sk08716,Country Prediction,Manipur,Dance_and_Music,The Pung Cholam is associated to which country?,UK | USA | Canada | India,India,Pung Cholam,stem,4,15,Pung Cholam,assoc_or_country_associated_to,high,,,
sk08786,Country Prediction,Manipur,Personalities,Which country is the home to Angom Anita Chanu?,Germany | India | France | USA,India,Angom Anita Chanu,stem,29,46,Angom Anita Chanu,country_home_to,high,,,
sk08858,Country Prediction,Meghalaya,Tourism,Which country is famous for the Nohsngithiang Falls?,Germany | China | India | Italy,India,Nohsngithiang Falls,stem,32,51,Nohsngithiang Falls,country_famous_for,high,,,
sk09147,Country Prediction,Odisha,Dance_and_Music,Which country is the home to Pala and Daskathia?,China | UK | Germany | India,India,Pala and Daskathia,stem,29,47,Pala and Daskathia,country_home_to,high,,,
sk09659,Country Prediction,Rajasthan,Rituals_and_Ceremonies,"Laal Maas, a spicy mutton curry known for its red chili-based gravy, originates from which country?",Greece | India | Argentina | France,India,,,,,,none,,,,
sk09895,Country Prediction,Tamil_Nadu,Costume,The Modern-traditional blend attire is associated to which country?,Canada | UK | India | Japan,India,Modern-traditional blend attire,stem,4,35,Modern-traditional blend attire,assoc_or_country_associated_to,high,,,
sk10005,Country Prediction,Tamil_Nadu,Religion,The Ramanathaswamy Temple is associated to which country?,Germany | India | UK | Italy,India,Ramanathaswamy Temple,stem,4,25,Ramanathaswamy Temple,assoc_or_country_associated_to,high,,,
sk10567,Country Prediction,Tripura,Religion,Which country is the home to Kharchi Puja?,Italy | France | Germany | India,India,Kharchi Puja,stem,29,41,Kharchi Puja,country_home_to,high,,,
sk10753,Country Prediction,Uttarakhand,Cuisine,Which country is the home to Baadi?,Canada | Germany | India | USA,India,Baadi,stem,29,34,Baadi,country_home_to,high,,,
sk11084,General Awareness,Andaman_and_Nicobar,Festivals,"This culture celebrates the onset of the monsoon season with festivals featuring music, dancing, and traditional games.",African Culture | Indian Culture | Korean Culture | Maori Culture,Indian Culture,,,,,,none,,,,
sk11174,General Awareness,Andhra_Pradesh,Art,The rich tradition of lacquerware is most commonly found in which cultural context?,Indonesian | Indian | Japanese | Thai,Japanese,,,,,,none,,,,
sk11358,General Awareness,Andhra_Pradesh,Dance_and_Music,"An artistic expression that merges classical Indian music with rhythm, often performed during festivals.",Pop Music | Carnatic Music | Country Music | Dubstep,Carnatic Music,,,,,,none,,,,
sk11884,General Awareness,Bihar,Art,"Which one belongs to Patna District, Bihar?",Vennela Kishore | Palli Ritual | Mohammad Azharuddin | Tikuli art,Tikuli art,Tikuli art,answer,,,,ga_which_one_belongs,high,,,
sk12258,General Awareness,Dadra_and_Nagar_Haveli_and_Daman_and_Diu,Cultural_Common_Sense,"According to you, which of the following is closely associated to Silvassa of Dadra_and_Nagar_Haveli_and_Daman_and_Diu?",Tadkeshwar Shiva Temple | Amarnath Cave | Dhaguli | Machan,Tadkeshwar Shiva Temple,Tadkeshwar Shiva Temple,answer,,,,ga_closely_associated,high,,,
sk12809,General Awareness,Haryana,Cultural_Common_Sense,An emphasis on harmony between nature and human life is a common belief in this cultural context.,Indian | Polish | Swiss | Macedonian,Indian,,,,,,none,,,,
sk12968,General Awareness,Haryana,Religion,Which one belongs to Haryana?,Sri Mukhalingam Temple Andhra | Sirsa | Lepakshi temple frescos Andhra | Veeragase,Sirsa,Sirsa,answer,,,,ga_which_one_belongs,high,,,
sk12978,General Awareness,Haryana,Rituals_and_Ceremonies,"In this cultural tradition, individuals from the same clan or ""gotra"" are prohibited from marrying each other to maintain genetic diversity.",Caucasian | Haryanavi Jat | Russian | Finnish,Haryanavi Jat,gotra,stem,63,68,gotra,quoted,medium,,,
sk13134,General Awareness,Himachal_Pradesh,Cultural_Common_Sense,"According to you, which of the following is closely associated to Karnali and Gandaki rivers of Himachal_Pradesh?",Salt trade routes | Manipur Bamboo crafts | Temple car | Boori Boot Yullo festival,Salt trade routes,Salt trade routes,answer,,,,ga_closely_associated,high,,,
sk13284,General Awareness,Himachal_Pradesh,Tourism,Which of the following hill stations in India is known for its Tibetan culture and the Dalai Lama's residence?,Kasauli | Manali | Dharamsala | Chail,Dharamsala,Dalai Lama,stem,87,97,Dalai Lama,lexicon,low,,,
sk13422,General Awareness,Jharkhand,Art,"According to you, which of the following is closely associated to Hazaribagh of Jharkhand?",Sohrai and Khovar painting | Veerabhadra Temple at Lepakshi Andhra | Clay Relief | Diu Museum,Sohrai and Khovar painting,Sohrai and Khovar painting,answer,,,,ga_closely_associated,high,,,
sk13749,General Awareness,Karnataka,Festivals,Which one belongs to Karnataka?,Shabana Azmi | Assam tea | Lodi Gardens | Gajapayana elephant procession tradition in,Gajapayana elephant procession tradition in,Gajapayana elephant procession tradition in,answer,,,,ga_which_one_belongs,high,,,
sk13764,General Awareness,Karnataka,Festivals,Which one belongs to Temples and mutts in North Karnataka?,Mahari dance | Arun Jaitley Stadium | Nangyar Koothu | Prasada on Sharana Basava Jayanti,Prasada on Sharana Basava Jayanti,Prasada on Sharana Basava Jayanti,answer,,,,ga_which_one_belongs,high,,,
sk13830,General Awareness,Karnataka,Language,"According to you, which of the following is closely associated to Karnataka of Karnataka?",Tulu-speaking districts in Karnataka | Hauz Khas Village | Kol Rebellion state | Buddha Memorial Park,Tulu-speaking districts in Karnataka,Tulu-speaking districts in Karnataka,answer,,,,ga_closely_associated,high,,,
sk13924,General Awareness,Kerala,Cultural_Common_Sense,"The practice of ""Nehru Trophy Boat Race"" takes place in which water body's setting in Kerala?",Arabian Sea | Vembanad Lake | Lake Pichola | Chilika Lake,Vembanad Lake,Nehru Trophy Boat Race,stem,17,39,Nehru Trophy Boat Race,quoted,medium,,,
sk14259,General Awareness,Manipur,Art,"Which one belongs to BIshnupur district, Manipur?",Lepakshi temple frescos Andhra | Babru | Kasu Brahmananda Reddy National Park | Textile weaving,Textile weaving,Textile weaving,answer,,,,ga_which_one_belongs,high,,,
sk14504,General Awareness,Meghalaya,Tourism,"Which one belongs to South Garo Hills, Meghalaya?",Nuh | Balpakram National Park | Kurnool silk sarees Andhra | Solitude solar station,Balpakram National Park,Balpakram National Park,answer,,,,ga_which_one_belongs,high,,,
sk14814,General Awareness,Odisha,Tourism,The Konark Sun Temple is primarily dedicated to which deity?,Shiva | Vishnu | Surya | Ganesha,Surya,Konark Sun Temple,stem,4,21,Konark Sun Temple,lexicon,low,,,
sk14918,General Awareness,Punjab,Dance_and_Music,"Which one belongs to Sangrur district, Punjab?",Rampuri Chaku | Algoza wind instrument in punjab | Connaught Place | Falaknuma Palace,Algoza wind instrument in punjab,Algoza wind instrument in punjab,answer,,,,ga_which_one_belongs,high,,,
sk15249,General Awareness,Tamil_Nadu,Art,"According to you, which of the following is closely associated to Srirangam and Madurai of Tamil_Nadu?",Gopurams | Udukai | Hidimbi | Tarpa Festival,Gopurams,Gopurams,answer,,,,ga_closely_associated,high,,,
sk15524,General Awareness,Telangana,History,"Which one belongs to Ghanpur, Telangana?",Mon | Kota Gullu | Nani Daman Fort | Makrana Marble,Kota Gullu,Kota Gullu,answer,,,,ga_which_one_belongs,high,,,
sk15542,General Awareness,Telangana,History,"According to you, which of the following is closely associated to Warangal district of Telangana?",Warangal Fort | Virat Kohli | Avani Avittam | Assam Silk,Warangal Fort,Warangal Fort,answer,,,,ga_closely_associated,high,,,
sk16717,State Prediction,Andhra_Pradesh,History,"According to you, which of the following states houses the Undavalli Caves?",Andhra_Pradesh | Gujarat | Delhi | Meghalaya,Andhra_Pradesh,Undavalli Caves,stem,59,74,Undavalli Caves,state_houses,high,,,
sk17526,State Prediction,Delhi,Art,"According to you, which of the following states houses the Mughal Miniature Paintings?",Delhi | Puducherry | Lakshadweep | Mizoram,Delhi,Mughal Miniature Paintings,stem,59,85,Mughal Miniature Paintings,state_houses,high,,,
sk17914,State Prediction,Gujarat,Costume,Which state is famous for Chaniya Choli and Kediyu Dhoti?,Dadra_and_Nagar_Haveli_and_Daman_and_Diu | Rajasthan | Punjab | Gujarat,Gujarat,Chaniya Choli and Kediyu Dhoti,stem,26,56,Chaniya Choli and Kediyu Dhoti,state_famous_for,high,,,
sk18020,State Prediction,Gujarat,Rituals_and_Ceremonies,"In which Indian state is the Navratri festival, marked by intricate dance rituals like Garba and Dandiya, celebrated with great enthusiasm?",Odisha | Gujarat | Rajasthan | Bengal,Gujarat,Garba,stem,87,92,Garba,lexicon,low,,,
sk18692,State Prediction,Jharkhand,Tourism,"According to you, which of the following states houses the Patratu Valley?",Jharkhand | Tripura | Odisha | Jammu_kashmir,Jharkhand,Patratu Valley,stem,59,73,Patratu Valley,state_houses,high,,,
sk18802,State Prediction,Karnataka,Cultural_Common_Sense,Which of the states given in the options is associated to Namaskara?,Goa | Andaman_and_Nicobar | Sikkim | Karnataka,Karnataka,Namaskara,stem,58,67,Namaskara,state_options_associated,high,,,
sk18923,State Prediction,Karnataka,Festivals,"According to you, which of the following states houses the Huttari harvest festival?",Andaman_and_Nicobar | Goa | Karnataka | Lakshadweep,Karnataka,Huttari harvest festival,stem,59,83,Huttari harvest festival,state_houses,high,,,
sk19359,State Prediction,Lakshadweep,Tourism,Which state is famous for Minicoy?,Uttarakhand | Karnataka | Lakshadweep | Sikkim,Lakshadweep,Minicoy,stem,26,33,Minicoy,state_famous_for,high,,,
sk19419,State Prediction,Madhya_Pradesh,History,Which of the states given in the options is associated to Holkar and Scindia?,Manipur | Chandigarh | Puducherry | Madhya_Pradesh,Madhya_Pradesh,Holkar and Scindia,stem,58,76,Holkar and Scindia,state_options_associated,high,,,
sk19445,State Prediction,Madhya_Pradesh,Tourism,Which state is famous for Pachmarhi?,Jharkhand | Sikkim | Madhya_Pradesh | Mizoram,Madhya_Pradesh,Pachmarhi,stem,26,35,Pachmarhi,state_famous_for,high,,,
sk19516,State Prediction,Maharashtra,History,"According to you, which of the following states houses the Maratha Empire?",Lakshadweep | Maharashtra | Andaman_and_Nicobar | Goa,Maharashtra,Maratha Empire,stem,59,73,Maratha Empire,state_houses,high,,,
sk19605,State Prediction,Manipur,Festivals,Which state is famous for Chumpha?,Jammu_kashmir | Punjab | Manipur | Mizoram,Manipur,Chumpha,stem,26,33,Chumpha,state_famous_for,high,,,
sk19734,State Prediction,Meghalaya,Dance_and_Music,"In which Indian state is the Ksing Shynrang and Ksing Kynthei, a pair of traditional drums, widely used in Khasi folk music?",Rajasthan | Meghalaya | Gujarat | Punjab,Meghalaya,,,,,,none,,,,
sk20104,State Prediction,Puducherry,Cultural_Common_Sense,"According to you, which of the following states houses the Sri Aurobindo Ashram schools?",Puducherry | Himachal_Pradesh | West_Bengal | Mizoram,Puducherry,Sri Aurobindo Ashram schools,stem,59,87,Sri Aurobindo Ashram schools,state_houses,high,,,
sk20126,State Prediction,Puducherry,History,Which state is famous for French India?,Sikkim | Goa | Puducherry | Uttar_Pradesh,Puducherry,French India,stem,26,38,French India,state_famous_for,high,,,
sk20316,State Prediction,Rajasthan,Cuisine,Which of the states given in the options is associated to Dal-Bati-Churma?,Rajasthan | Andaman_and_Nicobar | Tripura | Manipur,Rajasthan,Dal-Bati-Churma,stem,58,73,Dal-Bati-Churma,state_options_associated,high,,,
sk20380,State Prediction,Sikkim,Art,"According to you, which of the following states houses the Cane and Bamboo?",Bihar | Maharashtra | Ladakh | Sikkim,Sikkim,Cane and Bamboo,stem,59,74,Cane and Bamboo,state_houses,high,,,
sk20424,State Prediction,Sikkim,Cultural_Common_Sense,"According to you, which of the following states houses the Sikkim Express?",Assam | Ladakh | Himachal_Pradesh | Sikkim,Sikkim,Sikkim Express,stem,59,73,Sikkim Express,state_houses,high,,,
sk20442,State Prediction,Sikkim,Dance_and_Music,"According to you, which of the following states houses the Music of Sikkim?",Punjab | Arunachal_Pradesh | Sikkim | Chhattisgarh,Sikkim,Music of Sikkim,stem,59,74,Music of Sikkim,state_houses,high,,,
sk20666,State Prediction,Tamil_Nadu,Festivals,"According to you, which of the following states houses the Pongal festival?",Ladakh | Nagaland | Tamil_Nadu | Tripura,Tamil_Nadu,Pongal festival,stem,59,74,Pongal festival,state_houses,high,,,
sk20719,State Prediction,Tamil_Nadu,Religion,"According to you, which of the following states houses the Mahabalipuram temples?",Himachal_Pradesh | Tamil_Nadu | Mizoram | Chhattisgarh,Tamil_Nadu,Mahabalipuram temples,stem,59,80,Mahabalipuram temples,state_houses,high,,,
sk20913,State Prediction,Telangana,History,"According to you, which of the following states houses the Moula Ali hill?",Chhattisgarh | Puducherry | Assam | Telangana,Telangana,Moula Ali hill,stem,59,73,Moula Ali hill,state_houses,high,,,
sk20933,State Prediction,Telangana,History,Which of the states given in the options is associated to Thousand Pillar Temple?,Telangana | West_Bengal | Chhattisgarh | Maharashtra,Telangana,Thousand Pillar Temple,stem,58,80,Thousand Pillar Temple,state_options_associated,high,,,
sk20973,State Prediction,Telangana,History,Which of the states given in the options is associated to Golconda?,Manipur | Sikkim | Punjab | Telangana,Telangana,Golconda,stem,58,66,Golconda,state_options_associated,high,,,
sk21117,State Prediction,Telangana,Sports,Which of the states given in the options is associated to VVS Laxman?,Punjab | Madhya_Pradesh | Telangana | Andhra_Pradesh,Telangana,VVS Laxman,stem,58,68,VVS Laxman,state_options_associated,high,,,
sk21233,State Prediction,Telangana,Tourism,"According to you, which of the following states houses the Falaknuma Palace?",Meghalaya | Jammu_kashmir | Tripura | Telangana,Telangana,Falaknuma Palace,stem,59,75,Falaknuma Palace,state_houses,high,,,
sk21314,State Prediction,Tripura,Cultural_Common_Sense,"According to you, which of the following states houses the Sabroom?",Tripura | Karnataka | Nagaland | Chandigarh,Tripura,Sabroom,stem,59,66,Sabroom,state_houses,high,,,
sk21464,State Prediction,Uttar_Pradesh,Art,Which state is famous for Zari work?,Jharkhand | Meghalaya | Uttar_Pradesh | Rajasthan,Uttar_Pradesh,Zari work,stem,26,35,Zari work,state_famous_for,high,,,
sk21768,State Prediction,West_Bengal,Cuisine,Which state is famous for Bhapa Ilish?,Maharashtra | Nagaland | Himachal_Pradesh | West_Bengal,West_Bengal,Bhapa Ilish,stem,26,37,Bhapa Ilish,state_famous_for,high,,,
