state,high,low
Andaman_and_Nicobar,13,12
Andhra_Pradesh,26,25
Arunachal_Pradesh,13,29
Assam,23,19
Bihar,32,20
Chandigarh,14,11
Chhattisgarh,17,21
Dadra_and_Nagar_Haveli_and_Daman_and_Diu,10,18
Delhi,31,23
Goa,11,14
Gujarat,15,19
Haryana,26,16
Himachal_Pradesh,21,30
Jammu_kashmir,16,8
Jharkhand,16,29
Karnataka,13,31
Kerala,17,21
Ladakh,12,8
Lakshadweep,8,4
Madhya_Pradesh,8,18
Maharashtra,36,21
Manipur,28,25
Meghalaya,1,5
Mizoram,4,8
Nagaland,12,13
Odisha,10,10
Puducherry,13,22
Punjab,14,14
Rajasthan,8,6
Sikkim,24,12
Tamil_Nadu,26,19
Telangana,24,16
Tripura,12,14
Uttar_Pradesh,18,8
Uttarakhand,18,19
West_Bengal,12,10
