attribute,tier,n,eligible,quota
Art,high,47,358,47
Art,low,47,299,47
Costume,high,47,252,47
Costume,low,47,171,47
Cuisine,high,47,277,47
Cuisine,low,47,234,47
Cultural_Common_Sense,high,47,315,47
Cultural_Common_Sense,low,47,260,47
Dance_and_Music,high,47,359,47
Dance_and_Music,low,47,292,47
Festivals,high,47,423,47
Festivals,low,46,373,46
History,high,46,441,46
History,low,46,341,46
Language,high,46,98,46
Language,low,46,99,46
Medicine,high,10,10,10
Medicine,low,16,16,16
Nightlife,high,4,4,4
Nightlife,low,11,11,11
Personalities,high,46,184,46
Personalities,low,46,169,46
Religion,high,46,86,46
Religion,low,46,74,46
Rituals_and_Ceremonies,high,46,152,46
Rituals_and_Ceremonies,low,46,108,46
Sports,high,30,30,30
Sports,low,14,14,14
Tourism,high,46,665,46
Tourism,low,46,605,46
