label,model,metric,n,beta_obs,null_mean,null_sd,null_q025,null_q975,p_perm,n_perm
PRELIMINARY,llama31_8b,d_soft,1401,-0.0020116876313449007,-3.6050370965947e-05,0.0030270984128445456,-0.005885024465509204,0.0059604456423800025,0.5034965034965035,1000
PRELIMINARY,llama31_8b,l_star_cyc,1401,-0.008601022703075918,1.7742999011910608e-05,0.004411577829549269,-0.00928765477136426,0.008046356122042972,0.04495504495504495,1000
PRELIMINARY,llama31_8b,d_margin,1396,-0.007472426847682927,-0.0003055482454705379,0.003026898116612895,-0.006718317159534394,0.005227379911311317,0.01998001998001998,1000
PRELIMINARY,llama31_8b,l_star_cal_mean,1333,-0.006762322198963767,-0.00020415917231800913,0.003172089233555302,-0.006890951833270168,0.005630975288723862,0.03496503496503497,1000
PRELIMINARY,llama31_8b,l_star_mean,1347,-0.00623019113925883,-0.0002289042648632272,0.004238635711241896,-0.008529894274934703,0.007819443731579116,0.14285714285714285,1000
PRELIMINARY,qwen25_7b,d_soft,1342,-0.0011179710841152106,-1.240732710221168e-07,0.0032478498691228663,-0.006695542638996319,0.006287438315906203,0.7312687312687313,1000
PRELIMINARY,qwen25_7b,l_star_cyc,1342,-0.008817653616996166,-0.0004795598256895418,0.005856670569045288,-0.012407505893519888,0.011057268614023818,0.12087912087912088,1000
PRELIMINARY,qwen25_7b,d_margin,1313,-0.003376248220342556,-6.307880899505707e-05,0.0018078459098568264,-0.0035243709542683637,0.003271934495725352,0.052947052947052944,1000
PRELIMINARY,qwen25_7b,l_star_cal_mean,1265,-0.006007735568534151,-0.0001276734188610458,0.0023803668804543016,-0.0046285810415034,0.0045247252718967354,0.006993006993006993,1000
PRELIMINARY,qwen25_7b,l_star_mean,1297,-0.012476161855649722,-0.00027624616103325803,0.00668053790136626,-0.01358342516111403,0.012009120671104375,0.053946053946053944,1000
