model,freq_measure,metric,n,n_states,L,d_mean,d_sd,layers_sd,label
llama31_8b,raw,d_soft,1401,36,32,0.48091180808024003,0.08356945579566537,2.6742225854612918,PRELIMINARY
llama31_8b,raw,l_star_cyc,1401,36,32,0.5848278015703069,0.1299462131714196,4.158278821485427,PRELIMINARY
llama31_8b,raw,d_margin,1396,36,32,0.5584706303724928,0.08642124492323998,2.7654798375436793,PRELIMINARY
llama31_8b,raw,l_star_cal_mean,1333,36,32,0.5577527194298575,0.0831835807017296,2.661874582455347,PRELIMINARY
llama31_8b,raw,l_star_mean,1347,36,32,0.6322151076466221,0.12252671092647584,3.920854749647227,PRELIMINARY
llama31_8b,lenadj,d_soft,1401,36,32,0.48091180808024003,0.08356945579566537,2.6742225854612918,PRELIMINARY
llama31_8b,lenadj,l_star_cyc,1401,36,32,0.5848278015703069,0.1299462131714196,4.158278821485427,PRELIMINARY
llama31_8b,lenadj,d_margin,1396,36,32,0.5584706303724928,0.08642124492323998,2.7654798375436793,PRELIMINARY
llama31_8b,lenadj,l_star_cal_mean,1333,36,32,0.5577527194298575,0.0831835807017296,2.661874582455347,PRELIMINARY
llama31_8b,lenadj,l_star_mean,1347,36,32,0.6322151076466221,0.12252671092647584,3.920854749647227,PRELIMINARY
qwen25_7b,raw,d_soft,1342,36,28,0.6145609833189208,0.11746760383367179,3.28909290734281,PRELIMINARY
qwen25_7b,raw,l_star_cyc,1342,36,28,0.7197679369810517,0.21754643027485737,6.091300047696007,PRELIMINARY
qwen25_7b,raw,d_margin,1313,36,28,0.7304700250244804,0.06166510383140946,1.726622907279465,PRELIMINARY
qwen25_7b,raw,l_star_cal_mean,1265,36,28,0.7274844720496895,0.0637981803518171,1.7863490498508787,PRELIMINARY
qwen25_7b,raw,l_star_mean,1297,36,28,0.7389304989536293,0.1689158214523673,4.729643000666284,PRELIMINARY
qwen25_7b,lenadj,d_soft,1342,36,28,0.6145609833189208,0.11746760383367179,3.28909290734281,PRELIMINARY
qwen25_7b,lenadj,l_star_cyc,1342,36,28,0.7197679369810517,0.21754643027485737,6.091300047696007,PRELIMINARY
qwen25_7b,lenadj,d_margin,1313,36,28,0.7304700250244804,0.06166510383140946,1.726622907279465,PRELIMINARY
qwen25_7b,lenadj,l_star_cal_mean,1265,36,28,0.7274844720496895,0.0637981803518171,1.7863490498508787,PRELIMINARY
qwen25_7b,lenadj,l_star_mean,1297,36,28,0.7389304989536293,0.1689158214523673,4.729643000666284,PRELIMINARY
