label,model,metric,n,L,mixed_status,estimator,term,beta,ci_low,ci_high,p,beta_layers,ci_low_layers,ci_high_layers
PRELIMINARY,llama31_8b,d_soft,1401,32,not clean: Random effects covariance is singular; The MLE may be on the boundary of the parameter space.,ols_cluster_state,z_logfreq,-0.0055494765678350275,-0.010058791578270793,-0.0010401615573992625,0.015862325035025056,-0.17758325017072088,-0.3218813305046654,-0.0332851698367764
PRELIMINARY,llama31_8b,d_soft,1401,32,not clean: Random effects covariance is singular; The MLE may be on the boundary of the parameter space.,ols_cluster_state,z_state_logfreq,-0.0020116876313449007,-0.006844348128027647,0.0028209728653378454,0.41457300227666627,-0.06437400420303682,-0.2190191400968847,0.09027113169081105
PRELIMINARY,llama31_8b,d_soft,1401,32,not clean: Random effects covariance is singular; The MLE may be on the boundary of the parameter space.,ols_cluster_state,acc,-0.014596757711722105,-0.05790286932764364,0.028709353904199424,0.5088525446741853,-0.46709624677510736,-1.8528918184845964,0.9186993249343816
PRELIMINARY,llama31_8b,d_soft,1401,32,not clean: Random effects covariance is singular; The MLE may be on the boundary of the parameter space.,ols_cluster_state,z_stem_words,0.00027958923725416966,-0.00598143491839035,0.006540613392898689,0.9302556495592349,0.00894685559213343,-0.1914059173884912,0.20929962857275805
PRELIMINARY,llama31_8b,l_star_cyc,1401,32,not clean: Random effects covariance is singular; The random effects covariance matrix is singular.; The MLE may be on the boundary of the parameter space.; The random effects covariance matrix is singular.,ols_cluster_state,z_logfreq,-0.009433353905760148,-0.015007164266606383,-0.0038595435449139117,0.0009094843617138354,-0.3018673249843247,-0.48022925653140425,-0.12350539343724518
PRELIMINARY,llama31_8b,l_star_cyc,1401,32,not clean: Random effects covariance is singular; The random effects covariance matrix is singular.; The MLE may be on the boundary of the parameter space.; The random effects covariance matrix is singular.,ols_cluster_state,z_state_logfreq,-0.008601022703075918,-0.01904462174401545,0.0018425763378636124,0.10649158580097018,-0.2752327264984294,-0.6094278958084944,0.058962442811635596
PRELIMINARY,llama31_8b,l_star_cyc,1401,32,not clean: Random effects covariance is singular; The random effects covariance matrix is singular.; The MLE may be on the boundary of the parameter space.; The random effects covariance matrix is singular.,ols_cluster_state,acc,-0.4622342698516901,-0.5400550828186053,-0.38441345688477485,2.530773091170707e-31,-14.791496635254083,-17.28176265019537,-12.301230620312795
PRELIMINARY,llama31_8b,l_star_cyc,1401,32,not clean: Random effects covariance is singular; The random effects covariance matrix is singular.; The MLE may be on the boundary of the parameter space.; The random effects covariance matrix is singular.,ols_cluster_state,z_stem_words,0.0010262722709593899,-0.006081465510598828,0.008134010052517607,0.7771804071176341,0.032840712670700475,-0.1946068963391625,0.26028832168056343
PRELIMINARY,llama31_8b,d_margin,1396,32,not clean: Random effects covariance is singular; The random effects covariance matrix is singular.; The MLE may be on the boundary of the parameter space.; The random effects covariance matrix is singular.,ols_cluster_state,z_logfreq,-0.002217528686711964,-0.006149251769695668,0.0017141943962717399,0.26896981709569134,-0.07096091797478285,-0.19677605663026138,0.054854220680695676
PRELIMINARY,llama31_8b,d_margin,1396,32,not clean: Random effects covariance is singular; The random effects covariance matrix is singular.; The MLE may be on the boundary of the parameter space.; The random effects covariance matrix is singular.,ols_cluster_state,z_state_logfreq,-0.007472426847682927,-0.014980648005980712,3.57943106148572e-05,0.05110224814648594,-0.23911765912585367,-0.4793807361913828,0.0011454179396754305
PRELIMINARY,llama31_8b,d_margin,1396,32,not clean: Random effects covariance is singular; The random effects covariance matrix is singular.; The MLE may be on the boundary of the parameter space.; The random effects covariance matrix is singular.,ols_cluster_state,acc,-0.3979797603135202,-0.508057605776258,-0.28790191485078237,1.379135991961137e-12,-12.735352330032647,-16.257843384840257,-9.212861275225036
PRELIMINARY,llama31_8b,d_margin,1396,32,not clean: Random effects covariance is singular; The random effects covariance matrix is singular.; The MLE may be on the boundary of the parameter space.; The random effects covariance matrix is singular.,ols_cluster_state,z_stem_words,-0.0014102071546256336,-0.007789515607757473,0.004969101298506206,0.66481951133632,-0.045126628948020275,-0.24926449944823914,0.1590112415521986
PRELIMINARY,llama31_8b,l_star_cal_mean,1333,32,not clean: Random effects covariance is singular; The MLE may be on the boundary of the parameter space.,ols_cluster_state,z_logfreq,-0.0006763684132694254,-0.004992311713726987,0.0036395748871881363,0.758726424579007,-0.021643789224621613,-0.1597539748392636,0.11646639639002036
PRELIMINARY,llama31_8b,l_star_cal_mean,1333,32,not clean: Random effects covariance is singular; The MLE may be on the boundary of the parameter space.,ols_cluster_state,z_state_logfreq,-0.006762322198963767,-0.015893871553032866,0.002369227155105331,0.14665701356501248,-0.21639431036684054,-0.5086038896970517,0.0758152689633706
PRELIMINARY,llama31_8b,l_star_cal_mean,1333,32,not clean: Random effects covariance is singular; The MLE may be on the boundary of the parameter space.,ols_cluster_state,acc,-0.5687266026883001,-0.7528984635556785,-0.38455474182092175,1.426945037770512e-09,-18.199251286025603,-24.09275083378171,-12.305751738269496
PRELIMINARY,llama31_8b,l_star_cal_mean,1333,32,not clean: Random effects covariance is singular; The MLE may be on the boundary of the parameter space.,ols_cluster_state,z_stem_words,-0.0025922359745515064,-0.00987560497872145,0.004691133029618437,0.4854436204526499,-0.0829515511856482,-0.3160193593190864,0.15011625694779
PRELIMINARY,llama31_8b,l_star_mean,1347,32,not clean: Random effects covariance is singular; The random effects covariance matrix is singular.; The MLE may be on the boundary of the parameter space.; The random effects covariance matrix is singular.,ols_cluster_state,z_logfreq,-0.012536256429722852,-0.019217420137880158,-0.005855092721565544,0.00023544383281532473,-0.40116020575113126,-0.614957444412165,-0.18736296709009742
PRELIMINARY,llama31_8b,l_star_mean,1347,32,not clean: Random effects covariance is singular; The random effects covariance matrix is singular.; The MLE may be on the boundary of the parameter space.; The random effects covariance matrix is singular.,ols_cluster_state,z_state_logfreq,-0.00623019113925883,-0.017421882987119497,0.004961500708601836,0.27524086254597957,-0.19936611645628255,-0.5575002555878239,0.15876802267525875
PRELIMINARY,llama31_8b,l_star_mean,1347,32,not clean: Random effects covariance is singular; The random effects covariance matrix is singular.; The MLE may be on the boundary of the parameter space.; The random effects covariance matrix is singular.,ols_cluster_state,z_stem_words,-0.00402975845275389,-0.011978878797408787,0.003919361891901007,0.320421598579564,-0.1289522704881245,-0.3833241215170812,0.12541958054083222
PRELIMINARY,qwen25_7b,d_soft,1342,28,not clean: Random effects covariance is singular; The random effects covariance matrix is singular.; The MLE may be on the boundary of the parameter space.; The random effects covariance matrix is singular.,ols_cluster_state,z_logfreq,0.00610659947742123,0.0001957259010735863,0.012017473053768874,0.04288133231559088,0.17098478536779443,0.005480325230060416,0.33648924550552844
PRELIMINARY,qwen25_7b,d_soft,1342,28,not clean: Random effects covariance is singular; The random effects covariance matrix is singular.; The MLE may be on the boundary of the parameter space.; The random effects covariance matrix is singular.,ols_cluster_state,z_state_logfreq,-0.0011179710841152106,-0.005665400810013351,0.00342945864178293,0.6299118750399707,-0.0313031903552259,-0.15863122268037383,0.09602484196992205
PRELIMINARY,qwen25_7b,d_soft,1342,28,not clean: Random effects covariance is singular; The random effects covariance matrix is singular.; The MLE may be on the boundary of the parameter space.; The random effects covariance matrix is singular.,ols_cluster_state,acc,-0.011757549219454438,-0.08695158237571221,0.06343648393680335,0.7592502839177637,-0.3292113781447243,-2.434644306519942,1.7762215502304937
PRELIMINARY,qwen25_7b,d_soft,1342,28,not clean: Random effects covariance is singular; The random effects covariance matrix is singular.; The MLE may be on the boundary of the parameter space.; The random effects covariance matrix is singular.,ols_cluster_state,z_stem_words,-3.7885667016840396e-05,-0.006914991571791852,0.006839220237758171,0.9913851258090325,-0.001060798676471531,-0.19361976401017186,0.1914981666572288
PRELIMINARY,qwen25_7b,l_star_cyc,1342,28,not clean: Random effects covariance is singular; The random effects covariance matrix is singular.; The MLE may be on the boundary of the parameter space.; The random effects covariance matrix is singular.,ols_cluster_state,z_logfreq,0.010500104301052332,-0.002261202994748388,0.023261411596853052,0.10681538986395887,0.2940029204294653,-0.06331368385295487,0.6513195247118855
PRELIMINARY,qwen25_7b,l_star_cyc,1342,28,not clean: Random effects covariance is singular; The random effects covariance matrix is singular.; The MLE may be on the boundary of the parameter space.; The random effects covariance matrix is singular.,ols_cluster_state,z_state_logfreq,-0.008817653616996166,-0.020399826835902874,0.0027645196019105422,0.13566109956796926,-0.24689430127589265,-0.5711951514052804,0.07740654885349518
PRELIMINARY,qwen25_7b,l_star_cyc,1342,28,not clean: Random effects covariance is singular; The random effects covariance matrix is singular.; The MLE may be on the boundary of the parameter space.; The random effects covariance matrix is singular.,ols_cluster_state,acc,-0.3688065801667856,-0.44308924857240967,-0.2945239117611615,2.2230840683512423e-22,-10.326584244669997,-12.40649896002747,-8.246669529312522
PRELIMINARY,qwen25_7b,l_star_cyc,1342,28,not clean: Random effects covariance is singular; The random effects covariance matrix is singular.; The MLE may be on the boundary of the parameter space.; The random effects covariance matrix is singular.,ols_cluster_state,z_stem_words,0.0004889752415086612,-0.013439393428195522,0.014417343911212844,0.9451429832355078,0.013691306762242512,-0.3763030159894746,0.40368562951395964
PRELIMINARY,qwen25_7b,d_margin,1313,28,not clean: Random effects covariance is singular; The random effects covariance matrix is singular.; The MLE may be on the boundary of the parameter space.; The random effects covariance matrix is singular.,ols_cluster_state,z_logfreq,0.0013841596275845332,-0.0016747780990912678,0.004443097354260335,0.37514486095219124,0.03875646957236693,-0.046893786774555496,0.12440672591928936
PRELIMINARY,qwen25_7b,d_margin,1313,28,not clean: Random effects covariance is singular; The random effects covariance matrix is singular.; The MLE may be on the boundary of the parameter space.; The random effects covariance matrix is singular.,ols_cluster_state,z_state_logfreq,-0.003376248220342556,-0.005708299956023223,-0.0010441964846618886,0.004546052284402543,-0.09453495016959157,-0.15983239876865024,-0.02923750157053288
PRELIMINARY,qwen25_7b,d_margin,1313,28,not clean: Random effects covariance is singular; The random effects covariance matrix is singular.; The MLE may be on the boundary of the parameter space.; The random effects covariance matrix is singular.,ols_cluster_state,acc,-0.28689322881716767,-0.3641703224414419,-0.20961613519289346,3.4280160522793614e-13,-8.033010406880695,-10.196769028360372,-5.869251785401017
PRELIMINARY,qwen25_7b,d_margin,1313,28,not clean: Random effects covariance is singular; The random effects covariance matrix is singular.; The MLE may be on the boundary of the parameter space.; The random effects covariance matrix is singular.,ols_cluster_state,z_stem_words,0.0003316912669311263,-0.004162165339467507,0.004825547873329759,0.8849755199754838,0.009287355474071536,-0.1165406295050902,0.13511534045323326
PRELIMINARY,qwen25_7b,l_star_cal_mean,1265,28,not clean: Random effects covariance is singular; The random effects covariance matrix is singular.; The MLE may be on the boundary of the parameter space.; The random effects covariance matrix is singular.,ols_cluster_state,z_logfreq,0.003687174241596,0.0001325332499210307,0.007241815233270969,0.04204844226962779,0.10324087876468799,0.0037109309977888597,0.20277082653158712
PRELIMINARY,qwen25_7b,l_star_cal_mean,1265,28,not clean: Random effects covariance is singular; The random effects covariance matrix is singular.; The MLE may be on the boundary of the parameter space.; The random effects covariance matrix is singular.,ols_cluster_state,z_state_logfreq,-0.006007735568534151,-0.010589843904630629,-0.001425627232437673,0.010176728545378662,-0.16821659591895624,-0.2965156293296576,-0.039917562508254845
PRELIMINARY,qwen25_7b,l_star_cal_mean,1265,28,not clean: Random effects covariance is singular; The random effects covariance matrix is singular.; The MLE may be on the boundary of the parameter space.; The random effects covariance matrix is singular.,ols_cluster_state,acc,-0.30698505876839777,-0.3689403451136447,-0.24502977242315085,2.6930553726686397e-22,-8.595581645515137,-10.330329663182052,-6.860833627848224
PRELIMINARY,qwen25_7b,l_star_cal_mean,1265,28,not clean: Random effects covariance is singular; The random effects covariance matrix is singular.; The MLE may be on the boundary of the parameter space.; The random effects covariance matrix is singular.,ols_cluster_state,z_stem_words,0.0041809367189749504,-0.0009934100595884168,0.009355283497538319,0.11326761948200668,0.1170662281312986,-0.02781548166847567,0.2619479379310729
PRELIMINARY,qwen25_7b,l_star_mean,1297,28,not clean: Random effects covariance is singular; The random effects covariance matrix is singular.; The MLE may be on the boundary of the parameter space.; The random effects covariance matrix is singular.,ols_cluster_state,z_logfreq,0.005824043920799543,-0.008742580982882244,0.02039066882448133,0.433254343960656,0.1630732297823872,-0.24479226752070282,0.5709387270854773
PRELIMINARY,qwen25_7b,l_star_mean,1297,28,not clean: Random effects covariance is singular; The random effects covariance matrix is singular.; The MLE may be on the boundary of the parameter space.; The random effects covariance matrix is singular.,ols_cluster_state,z_state_logfreq,-0.012476161855649722,-0.0234077008727975,-0.001544622838501944,0.025292468274181416,-0.34933253195819225,-0.65541562443833,-0.04324943947805443
PRELIMINARY,qwen25_7b,l_star_mean,1297,28,not clean: Random effects covariance is singular; The random effects covariance matrix is singular.; The MLE may be on the boundary of the parameter space.; The random effects covariance matrix is singular.,ols_cluster_state,z_stem_words,0.012424952535843822,0.0035259266325401804,0.021323978439147462,0.006209076091337501,0.34789867100362704,0.09872594571112506,0.5970713962961289
