label,model,metric,state,n,median_d,ci_low,ci_high,state_log_freq
PRELIMINARY,llama31_8b,d_soft,Mizoram,11,0.45015263879795925,0.3001331538897434,0.5510401577927576,13.203172560491291
PRELIMINARY,llama31_8b,d_soft,Uttar_Pradesh,43,0.45879712090504415,0.43483672898807124,0.4950196420567649,14.967724275227566
PRELIMINARY,llama31_8b,d_soft,Goa,19,0.4590969588579467,0.4043850784580263,0.541844922455878,15.267725141482762
PRELIMINARY,llama31_8b,d_soft,Andaman_and_Nicobar,18,0.46471553774453284,0.4435361488453232,0.5364164989872735,12.186573772096118
PRELIMINARY,llama31_8b,d_soft,Madhya_Pradesh,38,0.47126013464962785,0.45186143547028695,0.5075268358903158,14.418501056608665
PRELIMINARY,llama31_8b,d_soft,Rajasthan,25,0.47154665422665343,0.4179249429596575,0.5186481356521615,15.241056400994852
PRELIMINARY,llama31_8b,d_soft,Meghalaya,10,0.47498810041859774,0.38965781879618877,0.5261816825353578,13.51776198791223
PRELIMINARY,llama31_8b,d_soft,Jammu_kashmir,20,0.4757894765435387,0.43738102603530404,0.49262336059755063,14.415964980281508
PRELIMINARY,llama31_8b,d_soft,Odisha,28,0.4762935607287462,0.4221318132494149,0.5145102828421502,14.568981138507324
PRELIMINARY,llama31_8b,d_soft,Telangana,129,0.476414918953243,0.4644194795827059,0.495513619764671,14.528282408810519
PRELIMINARY,llama31_8b,d_soft,Haryana,36,0.47880297464613364,0.4437874207828787,0.5283085530811052,14.77773060377069
PRELIMINARY,llama31_8b,d_soft,Jharkhand,43,0.48089313885611806,0.44973565494181256,0.5011539126571333,14.01227810057161
PRELIMINARY,llama31_8b,d_soft,Delhi,75,0.48508987039706897,0.4702260487912417,0.5193256819751717,17.094547876245034
PRELIMINARY,llama31_8b,d_soft,Arunachal_Pradesh,75,0.4852299621273569,0.4607783299807493,0.5058098304586722,13.446629999072814
PRELIMINARY,llama31_8b,d_soft,Chandigarh,19,0.4869151995200455,0.4413465393177452,0.5502242867437257,14.57433685893106
PRELIMINARY,llama31_8b,d_soft,Kerala,31,0.48707502086361965,0.43775960921465273,0.5313551269506791,15.699711702830191
PRELIMINARY,llama31_8b,d_soft,West_Bengal,39,0.488981059051501,0.4496125129517779,0.5244324217049013,14.82799507914487
PRELIMINARY,llama31_8b,d_soft,Assam,49,0.4893965650736483,0.44567972808505674,0.5164846749227912,15.147910613418679
PRELIMINARY,llama31_8b,d_soft,Manipur,55,0.49170496534722596,0.473985725689342,0.5093656577818176,13.981708660995055
PRELIMINARY,llama31_8b,d_soft,Himachal_Pradesh,39,0.4926697781397085,0.45968446723277423,0.51559205720514,13.988105800478142
PRELIMINARY,llama31_8b,d_soft,Karnataka,120,0.4941007023912154,0.48460045441665406,0.5154288657129822,15.284040451528371
PRELIMINARY,llama31_8b,d_soft,Tamil_Nadu,78,0.4956779529971883,0.47344624112715156,0.504880038126824,15.176443263984758
PRELIMINARY,llama31_8b,d_soft,Punjab,21,0.4995907291089053,0.4559783630062241,0.5203539857946088,15.857334341072402
PRELIMINARY,llama31_8b,d_soft,Puducherry,21,0.5013033069198926,0.4480610967926203,0.5325459472313335,12.816052868024965
PRELIMINARY,llama31_8b,d_soft,Maharashtra,19,0.5017452180563243,0.48045860448748084,0.5220617243103642,15.444486749032034
PRELIMINARY,llama31_8b,d_soft,Tripura,38,0.5070015783297452,0.478819646860154,0.5323910643531318,13.550720453524779
PRELIMINARY,llama31_8b,d_soft,Sikkim,36,0.5071571481209379,0.4871391299354167,0.5409854117121035,13.87966588069071
PRELIMINARY,llama31_8b,d_soft,Andhra_Pradesh,59,0.5079500207969587,0.47534389363536345,0.5244560402722181,14.71745121830546
PRELIMINARY,llama31_8b,d_soft,Lakshadweep,4,0.5079943411985635,0.47292539770355935,0.5522071933543977,12.14072312895802
PRELIMINARY,llama31_8b,d_soft,Uttarakhand,59,0.5090086587138146,0.4822433432313841,0.5316996310086706,14.12643345796901
PRELIMINARY,llama31_8b,d_soft,Dadra_and_Nagar_Haveli_and_Daman_and_Diu,36,0.5127048020876429,0.47342845055436444,0.5518838573700227,8.318254328798846
PRELIMINARY,llama31_8b,d_soft,Nagaland,20,0.5129056415717432,0.4619390442506235,0.5503439331782519,13.562584116802768
PRELIMINARY,llama31_8b,d_soft,Bihar,11,0.5140264448680301,0.4328848282057064,0.5709425115533613,14.944350033869142
PRELIMINARY,llama31_8b,d_soft,Chhattisgarh,37,0.5260007696303494,0.4945052211070445,0.5462796403623635,13.759416283609365
PRELIMINARY,llama31_8b,d_soft,Gujarat,27,0.5423817809018725,0.4907350391478039,0.5551910849031853,15.375669987020522
PRELIMINARY,llama31_8b,d_soft,Ladakh,13,0.5452755539130808,0.5154161939611336,0.5967524652840805,13.948728526476591
PRELIMINARY,llama31_8b,l_star_cyc,Meghalaya,10,0.515625,0.46875,0.5625,13.51776198791223
PRELIMINARY,llama31_8b,l_star_cyc,Odisha,28,0.546875,0.53125,0.5625,14.568981138507324
PRELIMINARY,llama31_8b,l_star_cyc,Andaman_and_Nicobar,18,0.5625,0.5625,0.625,12.186573772096118
PRELIMINARY,llama31_8b,l_star_cyc,Andhra_Pradesh,59,0.5625,0.5625,0.5625,14.71745121830546
PRELIMINARY,llama31_8b,l_star_cyc,Bihar,11,0.5625,0.53125,0.5625,14.944350033869142
PRELIMINARY,llama31_8b,l_star_cyc,Chandigarh,19,0.5625,0.5625,0.5625,14.57433685893106
PRELIMINARY,llama31_8b,l_star_cyc,Arunachal_Pradesh,75,0.5625,0.5625,0.5625,13.446629999072814
PRELIMINARY,llama31_8b,l_star_cyc,Assam,49,0.5625,0.5625,0.5625,15.147910613418679
PRELIMINARY,llama31_8b,l_star_cyc,Delhi,75,0.5625,0.5625,0.5625,17.094547876245034
PRELIMINARY,llama31_8b,l_star_cyc,Goa,19,0.5625,0.53125,0.5625,15.267725141482762
PRELIMINARY,llama31_8b,l_star_cyc,Gujarat,27,0.5625,0.5625,0.5625,15.375669987020522
PRELIMINARY,llama31_8b,l_star_cyc,Haryana,36,0.5625,0.53125,0.5625,14.77773060377069
PRELIMINARY,llama31_8b,l_star_cyc,Himachal_Pradesh,39,0.5625,0.53125,0.5625,13.988105800478142
PRELIMINARY,llama31_8b,l_star_cyc,Jammu_kashmir,20,0.5625,0.5625,0.5625,14.415964980281508
PRELIMINARY,llama31_8b,l_star_cyc,Chhattisgarh,37,0.5625,0.53125,0.5625,13.759416283609365
PRELIMINARY,llama31_8b,l_star_cyc,Dadra_and_Nagar_Haveli_and_Daman_and_Diu,36,0.5625,0.5625,0.75,8.318254328798846
PRELIMINARY,llama31_8b,l_star_cyc,Karnataka,120,0.5625,0.5625,0.5625,15.284040451528371
PRELIMINARY,llama31_8b,l_star_cyc,Jharkhand,43,0.5625,0.5,0.5625,14.01227810057161
PRELIMINARY,llama31_8b,l_star_cyc,Madhya_Pradesh,38,0.5625,0.5625,0.5625,14.418501056608665
PRELIMINARY,llama31_8b,l_star_cyc,Kerala,31,0.5625,0.5625,0.5625,15.699711702830191
PRELIMINARY,llama31_8b,l_star_cyc,Manipur,55,0.5625,0.53125,0.5625,13.981708660995055
PRELIMINARY,llama31_8b,l_star_cyc,Maharashtra,19,0.5625,0.53125,0.5625,15.444486749032034
PRELIMINARY,llama31_8b,l_star_cyc,Mizoram,11,0.5625,0.4375,0.5625,13.203172560491291
PRELIMINARY,llama31_8b,l_star_cyc,Lakshadweep,4,0.5625,0.53125,1.0,12.14072312895802
PRELIMINARY,llama31_8b,l_star_cyc,Rajasthan,25,0.5625,0.5625,0.5625,15.241056400994852
PRELIMINARY,llama31_8b,l_star_cyc,Nagaland,20,0.5625,0.5625,0.625,13.562584116802768
PRELIMINARY,llama31_8b,l_star_cyc,Puducherry,21,0.5625,0.53125,0.5625,12.816052868024965
PRELIMINARY,llama31_8b,l_star_cyc,Punjab,21,0.5625,0.53125,0.5625,15.857334341072402
PRELIMINARY,llama31_8b,l_star_cyc,Tamil_Nadu,78,0.5625,0.53125,0.5625,15.176443263984758
PRELIMINARY,llama31_8b,l_star_cyc,Sikkim,36,0.5625,0.5625,0.5625,13.87966588069071
PRELIMINARY,llama31_8b,l_star_cyc,Telangana,129,0.5625,0.5625,0.5625,14.528282408810519
PRELIMINARY,llama31_8b,l_star_cyc,Tripura,38,0.5625,0.546875,0.5625,13.550720453524779
PRELIMINARY,llama31_8b,l_star_cyc,Uttarakhand,59,0.5625,0.5625,0.5625,14.12643345796901
PRELIMINARY,llama31_8b,l_star_cyc,Uttar_Pradesh,43,0.5625,0.53125,0.5625,14.967724275227566
PRELIMINARY,llama31_8b,l_star_cyc,West_Bengal,39,0.5625,0.5625,0.5625,14.82799507914487
PRELIMINARY,llama31_8b,l_star_cyc,Ladakh,13,0.75,0.5625,0.9375,13.948728526476591
PRELIMINARY,llama31_8b,d_margin,Odisha,28,0.53125,0.53125,0.5625,14.568981138507324
PRELIMINARY,llama31_8b,d_margin,Meghalaya,10,0.53125,0.46875,0.5625,13.51776198791223
PRELIMINARY,llama31_8b,d_margin,Lakshadweep,4,0.546875,0.46875,0.78125,12.14072312895802
PRELIMINARY,llama31_8b,d_margin,Andaman_and_Nicobar,18,0.5625,0.546875,0.5625,12.186573772096118
PRELIMINARY,llama31_8b,d_margin,Bihar,11,0.5625,0.53125,0.5625,14.944350033869142
PRELIMINARY,llama31_8b,d_margin,Andhra_Pradesh,59,0.5625,0.53125,0.5625,14.71745121830546
PRELIMINARY,llama31_8b,d_margin,Arunachal_Pradesh,75,0.5625,0.53125,0.5625,13.446629999072814
PRELIMINARY,llama31_8b,d_margin,Assam,49,0.5625,0.5625,0.5625,15.147910613418679
PRELIMINARY,llama31_8b,d_margin,Delhi,75,0.5625,0.5625,0.5625,17.094547876245034
PRELIMINARY,llama31_8b,d_margin,Goa,19,0.5625,0.53125,0.5625,15.267725141482762
PRELIMINARY,llama31_8b,d_margin,Gujarat,27,0.5625,0.53125,0.5625,15.375669987020522
PRELIMINARY,llama31_8b,d_margin,Haryana,35,0.5625,0.5625,0.5625,14.77773060377069
PRELIMINARY,llama31_8b,d_margin,Himachal_Pradesh,39,0.5625,0.53125,0.5625,13.988105800478142
PRELIMINARY,llama31_8b,d_margin,Chandigarh,19,0.5625,0.5625,0.5625,14.57433685893106
PRELIMINARY,llama31_8b,d_margin,Chhattisgarh,36,0.5625,0.53125,0.5625,13.759416283609365
PRELIMINARY,llama31_8b,d_margin,Dadra_and_Nagar_Haveli_and_Daman_and_Diu,36,0.5625,0.5625,0.5625,8.318254328798846
PRELIMINARY,llama31_8b,d_margin,Karnataka,120,0.5625,0.5625,0.5625,15.284040451528371
PRELIMINARY,llama31_8b,d_margin,Jharkhand,43,0.5625,0.53125,0.5625,14.01227810057161
PRELIMINARY,llama31_8b,d_margin,Jammu_kashmir,20,0.5625,0.5625,0.5625,14.415964980281508
PRELIMINARY,llama31_8b,d_margin,Ladakh,13,0.5625,0.5625,0.5625,13.948728526476591
PRELIMINARY,llama31_8b,d_margin,Madhya_Pradesh,38,0.5625,0.53125,0.5625,14.418501056608665
PRELIMINARY,llama31_8b,d_margin,Maharashtra,19,0.5625,0.53125,0.5625,15.444486749032034
PRELIMINARY,llama31_8b,d_margin,Manipur,55,0.5625,0.53125,0.5625,13.981708660995055
PRELIMINARY,llama31_8b,d_margin,Kerala,30,0.5625,0.5625,0.5625,15.699711702830191
PRELIMINARY,llama31_8b,d_margin,Mizoram,11,0.5625,0.53125,0.5625,13.203172560491291
PRELIMINARY,llama31_8b,d_margin,Nagaland,20,0.5625,0.5625,0.5625,13.562584116802768
PRELIMINARY,llama31_8b,d_margin,Puducherry,21,0.5625,0.53125,0.5625,12.816052868024965
PRELIMINARY,llama31_8b,d_margin,Punjab,21,0.5625,0.5625,0.5625,15.857334341072402
PRELIMINARY,llama31_8b,d_margin,Rajasthan,24,0.5625,0.546875,0.5625,15.241056400994852
PRELIMINARY,llama31_8b,d_margin,Sikkim,36,0.5625,0.5625,0.5625,13.87966588069071
PRELIMINARY,llama31_8b,d_margin,Tamil_Nadu,78,0.5625,0.53125,0.5625,15.176443263984758
PRELIMINARY,llama31_8b,d_margin,Telangana,129,0.5625,0.53125,0.5625,14.528282408810519
PRELIMINARY,llama31_8b,d_margin,Tripura,37,0.5625,0.5625,0.5625,13.550720453524779
PRELIMINARY,llama31_8b,d_margin,Uttar_Pradesh,43,0.5625,0.53125,0.5625,14.967724275227566
PRELIMINARY,llama31_8b,d_margin,Uttarakhand,59,0.5625,0.53125,0.5625,14.12643345796901
PRELIMINARY,llama31_8b,d_margin,West_Bengal,39,0.5625,0.5625,0.5625,14.82799507914487
PRELIMINARY,llama31_8b,l_star_cal_mean,Meghalaya,9,0.515625,0.46875,0.546875,13.51776198791223
PRELIMINARY,llama31_8b,l_star_cal_mean,Lakshadweep,3,0.515625,0.5,0.546875,12.14072312895802
PRELIMINARY,llama31_8b,l_star_cal_mean,Jharkhand,41,0.53125,0.515625,0.546875,14.01227810057161
PRELIMINARY,llama31_8b,l_star_cal_mean,Goa,19,0.53125,0.53125,0.5625,15.267725141482762
PRELIMINARY,llama31_8b,l_star_cal_mean,Odisha,28,0.53125,0.515625,0.546875,14.568981138507324
PRELIMINARY,llama31_8b,l_star_cal_mean,Chhattisgarh,34,0.546875,0.53125,0.5625,13.759416283609365
PRELIMINARY,llama31_8b,l_star_cal_mean,Andaman_and_Nicobar,17,0.546875,0.5,0.5625,12.186573772096118
PRELIMINARY,llama31_8b,l_star_cal_mean,Andhra_Pradesh,54,0.546875,0.53125,0.5625,14.71745121830546
PRELIMINARY,llama31_8b,l_star_cal_mean,Karnataka,114,0.546875,0.53125,0.546875,15.284040451528371
PRELIMINARY,llama31_8b,l_star_cal_mean,Jammu_kashmir,19,0.546875,0.53125,0.5625,14.415964980281508
PRELIMINARY,llama31_8b,l_star_cal_mean,Gujarat,27,0.546875,0.546875,0.5625,15.375669987020522
PRELIMINARY,llama31_8b,l_star_cal_mean,Delhi,68,0.546875,0.515625,0.5625,17.094547876245034
PRELIMINARY,llama31_8b,l_star_cal_mean,Maharashtra,19,0.546875,0.53125,0.5625,15.444486749032034
PRELIMINARY,llama31_8b,l_star_cal_mean,Chandigarh,17,0.546875,0.53125,0.5625,14.57433685893106
PRELIMINARY,llama31_8b,l_star_cal_mean,Arunachal_Pradesh,75,0.546875,0.546875,0.5625,13.446629999072814
PRELIMINARY,llama31_8b,l_star_cal_mean,Bihar,11,0.546875,0.515625,0.5625,14.944350033869142
PRELIMINARY,llama31_8b,l_star_cal_mean,Telangana,127,0.546875,0.53125,0.5625,14.528282408810519
PRELIMINARY,llama31_8b,l_star_cal_mean,Tamil_Nadu,77,0.546875,0.546875,0.5625,15.176443263984758
PRELIMINARY,llama31_8b,l_star_cal_mean,Puducherry,19,0.546875,0.53125,0.5625,12.816052868024965
PRELIMINARY,llama31_8b,l_star_cal_mean,Madhya_Pradesh,38,0.546875,0.5390625,0.5625,14.418501056608665
PRELIMINARY,llama31_8b,l_star_cal_mean,Manipur,54,0.546875,0.515625,0.5625,13.981708660995055
PRELIMINARY,llama31_8b,l_star_cal_mean,West_Bengal,35,0.546875,0.53125,0.5625,14.82799507914487
PRELIMINARY,llama31_8b,l_star_cal_mean,Uttarakhand,58,0.546875,0.546875,0.5625,14.12643345796901
PRELIMINARY,llama31_8b,l_star_cal_mean,Uttar_Pradesh,42,0.546875,0.53125,0.5625,14.967724275227566
PRELIMINARY,llama31_8b,l_star_cal_mean,Tripura,34,0.5546875,0.53125,0.5625,13.550720453524779
PRELIMINARY,llama31_8b,l_star_cal_mean,Rajasthan,24,0.5546875,0.515625,0.5625,15.241056400994852
PRELIMINARY,llama31_8b,l_star_cal_mean,Himachal_Pradesh,38,0.5546875,0.53125,0.5625,13.988105800478142
PRELIMINARY,llama31_8b,l_star_cal_mean,Kerala,29,0.5625,0.546875,0.5625,15.699711702830191
PRELIMINARY,llama31_8b,l_star_cal_mean,Haryana,33,0.5625,0.546875,0.5625,14.77773060377069
PRELIMINARY,llama31_8b,l_star_cal_mean,Dadra_and_Nagar_Haveli_and_Daman_and_Diu,33,0.5625,0.5625,0.5625,8.318254328798846
PRELIMINARY,llama31_8b,l_star_cal_mean,Ladakh,11,0.5625,0.546875,0.6875,13.948728526476591
PRELIMINARY,llama31_8b,l_star_cal_mean,Assam,44,0.5625,0.546875,0.5625,15.147910613418679
PRELIMINARY,llama31_8b,l_star_cal_mean,Sikkim,34,0.5625,0.546875,0.5625,13.87966588069071
PRELIMINARY,llama31_8b,l_star_cal_mean,Punjab,18,0.5625,0.546875,0.6015625,15.857334341072402
PRELIMINARY,llama31_8b,l_star_cal_mean,Nagaland,19,0.5625,0.546875,0.5625,13.562584116802768
PRELIMINARY,llama31_8b,l_star_cal_mean,Mizoram,11,0.5625,0.5,0.5625,13.203172560491291
PRELIMINARY,llama31_8b,l_star_mean,Andaman_and_Nicobar,17,0.5625,0.546875,0.6875,12.186573772096118
PRELIMINARY,llama31_8b,l_star_mean,Goa,19,0.5625,0.484375,0.6875,15.267725141482762
PRELIMINARY,llama31_8b,l_star_mean,Rajasthan,24,0.5625,0.5625,0.640625,15.241056400994852
PRELIMINARY,llama31_8b,l_star_mean,Meghalaya,9,0.5625,0.484375,0.625,13.51776198791223
PRELIMINARY,llama31_8b,l_star_mean,Uttar_Pradesh,42,0.5625,0.5625,0.625,14.967724275227566
PRELIMINARY,llama31_8b,l_star_mean,Jammu_kashmir,18,0.5703125,0.53125,0.6015625,14.415964980281508
PRELIMINARY,llama31_8b,l_star_mean,Mizoram,11,0.578125,0.46875,0.703125,13.203172560491291
PRELIMINARY,llama31_8b,l_star_mean,Madhya_Pradesh,38,0.59375,0.5625,0.625,14.418501056608665
PRELIMINARY,llama31_8b,l_star_mean,Jharkhand,41,0.59375,0.5625,0.625,14.01227810057161
PRELIMINARY,llama31_8b,l_star_mean,Assam,44,0.6015625,0.5625,0.671875,15.147910613418679
PRELIMINARY,llama31_8b,l_star_mean,Punjab,18,0.609375,0.5625,0.7109375,15.857334341072402
PRELIMINARY,llama31_8b,l_star_mean,Odisha,28,0.609375,0.5625,0.6875,14.568981138507324
PRELIMINARY,llama31_8b,l_star_mean,Kerala,29,0.609375,0.5625,0.6875,15.699711702830191
PRELIMINARY,llama31_8b,l_star_mean,Haryana,33,0.609375,0.5625,0.6875,14.77773060377069
PRELIMINARY,llama31_8b,l_star_mean,Bihar,11,0.609375,0.578125,0.6875,14.944350033869142
PRELIMINARY,llama31_8b,l_star_mean,Puducherry,20,0.609375,0.5625,0.734375,12.816052868024965
PRELIMINARY,llama31_8b,l_star_mean,Tamil_Nadu,77,0.609375,0.5625,0.625,15.176443263984758
PRELIMINARY,llama31_8b,l_star_mean,Telangana,127,0.609375,0.5625,0.640625,14.528282408810519
PRELIMINARY,llama31_8b,l_star_mean,West_Bengal,35,0.609375,0.5625,0.671875,14.82799507914487
PRELIMINARY,llama31_8b,l_star_mean,Andhra_Pradesh,58,0.625,0.5625,0.6875,14.71745121830546
PRELIMINARY,llama31_8b,l_star_mean,Arunachal_Pradesh,75,0.625,0.578125,0.65625,13.446629999072814
PRELIMINARY,llama31_8b,l_star_mean,Chhattisgarh,34,0.625,0.5625,0.6875,13.759416283609365
PRELIMINARY,llama31_8b,l_star_mean,Maharashtra,19,0.625,0.609375,0.6875,15.444486749032034
PRELIMINARY,llama31_8b,l_star_mean,Karnataka,115,0.625,0.5625,0.6875,15.284040451528371
PRELIMINARY,llama31_8b,l_star_mean,Manipur,54,0.625,0.5625,0.6875,13.981708660995055
PRELIMINARY,llama31_8b,l_star_mean,Himachal_Pradesh,39,0.625,0.5625,0.6875,13.988105800478142
PRELIMINARY,llama31_8b,l_star_mean,Delhi,73,0.625,0.59375,0.6875,17.094547876245034
PRELIMINARY,llama31_8b,l_star_mean,Chandigarh,18,0.640625,0.5625,0.703125,14.57433685893106
PRELIMINARY,llama31_8b,l_star_mean,Uttarakhand,58,0.65625,0.5859375,0.703125,14.12643345796901
PRELIMINARY,llama31_8b,l_star_mean,Sikkim,34,0.671875,0.5935546875,0.6953125,13.87966588069071
PRELIMINARY,llama31_8b,l_star_mean,Gujarat,27,0.671875,0.609375,0.703125,15.375669987020522
PRELIMINARY,llama31_8b,l_star_mean,Nagaland,20,0.6875,0.5703125,0.75,13.562584116802768
PRELIMINARY,llama31_8b,l_star_mean,Lakshadweep,3,0.6875,0.546875,0.6875,12.14072312895802
PRELIMINARY,llama31_8b,l_star_mean,Tripura,34,0.6875,0.609375,0.6875,13.550720453524779
PRELIMINARY,llama31_8b,l_star_mean,Dadra_and_Nagar_Haveli_and_Daman_and_Diu,34,0.71875,0.59375,0.8125,8.318254328798846
PRELIMINARY,llama31_8b,l_star_mean,Ladakh,11,0.765625,0.640625,0.84375,13.948728526476591
PRELIMINARY,qwen25_7b,d_soft,Lakshadweep,4,0.5147041355589774,0.49242426894312763,0.6521435939881833,12.14072312895802
PRELIMINARY,qwen25_7b,d_soft,Chhattisgarh,37,0.5597048099932366,0.5309966356675212,0.6336381584203965,13.759416283609365
PRELIMINARY,qwen25_7b,d_soft,Kerala,31,0.5719106183038513,0.5273044503998412,0.6413499723911773,15.699711702830191
PRELIMINARY,qwen25_7b,d_soft,Gujarat,25,0.5804076793133685,0.51633016465612,0.6382589589258022,15.375669987020522
PRELIMINARY,qwen25_7b,d_soft,Manipur,52,0.588759724412824,0.54441174282141,0.6230462321671879,13.981708660995055
PRELIMINARY,qwen25_7b,d_soft,Goa,22,0.5996869860718544,0.5097199491923539,0.6568927766983814,15.267725141482762
PRELIMINARY,qwen25_7b,d_soft,Uttarakhand,59,0.6055234976385014,0.5360895487212273,0.6257514413998623,14.12643345796901
PRELIMINARY,qwen25_7b,d_soft,Arunachal_Pradesh,66,0.6073901395973622,0.5417888736647959,0.6259189248140808,13.446629999072814
PRELIMINARY,qwen25_7b,d_soft,Andhra_Pradesh,56,0.6081407985789673,0.5555985567172816,0.626543250227608,14.71745121830546
PRELIMINARY,qwen25_7b,d_soft,Puducherry,19,0.6104562206582672,0.5508134782623318,0.6284517807612628,12.816052868024965
PRELIMINARY,qwen25_7b,d_soft,Tamil_Nadu,76,0.6142703759001034,0.5935434833751576,0.628652162325962,15.176443263984758
PRELIMINARY,qwen25_7b,d_soft,West_Bengal,37,0.6163807792523531,0.5448553921124516,0.6232993458100795,14.82799507914487
PRELIMINARY,qwen25_7b,d_soft,Uttar_Pradesh,42,0.6166094796070016,0.5887173593410195,0.6514491461410903,14.967724275227566
PRELIMINARY,qwen25_7b,d_soft,Karnataka,112,0.6185272302626608,0.5558758696048745,0.6307173189939733,15.284040451528371
PRELIMINARY,qwen25_7b,d_soft,Himachal_Pradesh,42,0.6195666937591331,0.5344734057402695,0.6379321553500632,13.988105800478142
PRELIMINARY,qwen25_7b,d_soft,Maharashtra,18,0.6201626307422328,0.506313256821711,0.6747901896298281,15.444486749032034
PRELIMINARY,qwen25_7b,d_soft,Bihar,11,0.6208833144155647,0.5135328567582879,0.6820881350231177,14.944350033869142
PRELIMINARY,qwen25_7b,d_soft,Telangana,119,0.6215760885260214,0.6041803325876003,0.6353565917749757,14.528282408810519
PRELIMINARY,qwen25_7b,d_soft,Meghalaya,10,0.6224544288720312,0.5262286067790376,0.6994005746374254,13.51776198791223
PRELIMINARY,qwen25_7b,d_soft,Assam,49,0.6226713039048306,0.600925023649323,0.6345532550127297,15.147910613418679
PRELIMINARY,qwen25_7b,d_soft,Dadra_and_Nagar_Haveli_and_Daman_and_Diu,24,0.6227873652016443,0.5196626462629496,0.6592161239964794,8.318254328798846
PRELIMINARY,qwen25_7b,d_soft,Jharkhand,44,0.6258761159080519,0.5863897629635593,0.6466492081235488,14.01227810057161
PRELIMINARY,qwen25_7b,d_soft,Mizoram,11,0.6270462876818669,0.528031038526581,0.7291051546295554,13.203172560491291
PRELIMINARY,qwen25_7b,d_soft,Rajasthan,25,0.6277335749869415,0.600424033643062,0.666304688602212,15.241056400994852
PRELIMINARY,qwen25_7b,d_soft,Delhi,79,0.6281893120537312,0.5803311080563589,0.6565375696666399,17.094547876245034
PRELIMINARY,qwen25_7b,d_soft,Haryana,39,0.6285626475710776,0.5661587557496695,0.6407661317071696,14.77773060377069
PRELIMINARY,qwen25_7b,d_soft,Odisha,29,0.6315473788494179,0.5181732085920608,0.6546099784917744,14.568981138507324
PRELIMINARY,qwen25_7b,d_soft,Tripura,30,0.631832061192263,0.5578715928198346,0.6484960464902059,13.550720453524779
PRELIMINARY,qwen25_7b,d_soft,Punjab,19,0.6374379986406405,0.6010400754412837,0.6899479249335736,15.857334341072402
PRELIMINARY,qwen25_7b,d_soft,Andaman_and_Nicobar,15,0.6395979792303291,0.6104445637252531,0.6922746781170713,12.186573772096118
PRELIMINARY,qwen25_7b,d_soft,Sikkim,32,0.642822148557319,0.6209197773085086,0.6865457762336229,13.87966588069071
PRELIMINARY,qwen25_7b,d_soft,Madhya_Pradesh,38,0.6431736788005868,0.60551535003843,0.6568361731452127,14.418501056608665
PRELIMINARY,qwen25_7b,d_soft,Jammu_kashmir,21,0.6482014407845984,0.6214954692468824,0.6845177593021919,14.415964980281508
PRELIMINARY,qwen25_7b,d_soft,Chandigarh,19,0.6499419770957742,0.5204748348385679,0.6791991276817672,14.57433685893106
PRELIMINARY,qwen25_7b,d_soft,Nagaland,21,0.6558812020284377,0.6198740211743317,0.7194434173734232,13.562584116802768
PRELIMINARY,qwen25_7b,d_soft,Ladakh,9,0.7630746530119608,0.6329194867742857,0.7844000667126985,13.948728526476591
PRELIMINARY,qwen25_7b,l_star_cyc,Meghalaya,10,0.6964285714285714,0.3392857142857143,0.8214285714285714,13.51776198791223
PRELIMINARY,qwen25_7b,l_star_cyc,Maharashtra,18,0.7142857142857143,0.7142857142857143,0.8214285714285714,15.444486749032034
PRELIMINARY,qwen25_7b,l_star_cyc,Odisha,29,0.7142857142857143,0.7142857142857143,0.8214285714285714,14.568981138507324
PRELIMINARY,qwen25_7b,l_star_cyc,Andhra_Pradesh,56,0.75,0.7142857142857143,0.7857142857142857,14.71745121830546
PRELIMINARY,qwen25_7b,l_star_cyc,Karnataka,112,0.75,0.7321428571428572,0.7857142857142857,15.284040451528371
PRELIMINARY,qwen25_7b,l_star_cyc,Jharkhand,44,0.75,0.7321428571428572,0.8214285714285714,14.01227810057161
PRELIMINARY,qwen25_7b,l_star_cyc,Gujarat,25,0.75,0.7142857142857143,0.8214285714285714,15.375669987020522
PRELIMINARY,qwen25_7b,l_star_cyc,Goa,22,0.75,0.7142857142857143,0.8571428571428572,15.267725141482762
PRELIMINARY,qwen25_7b,l_star_cyc,Lakshadweep,4,0.75,0.7142857142857143,0.8928571428571429,12.14072312895802
PRELIMINARY,qwen25_7b,l_star_cyc,Tamil_Nadu,76,0.75,0.7142857142857143,0.7857142857142857,15.176443263984758
PRELIMINARY,qwen25_7b,l_star_cyc,Manipur,52,0.7678571428571428,0.7142857142857143,0.7857142857142857,13.981708660995055
PRELIMINARY,qwen25_7b,l_star_cyc,Uttar_Pradesh,42,0.7678571428571428,0.7142857142857143,0.8214285714285714,14.967724275227566
PRELIMINARY,qwen25_7b,l_star_cyc,Telangana,119,0.7857142857142857,0.75,0.8214285714285714,14.528282408810519
PRELIMINARY,qwen25_7b,l_star_cyc,Arunachal_Pradesh,66,0.7857142857142857,0.7142857142857143,0.8214285714285714,13.446629999072814
PRELIMINARY,qwen25_7b,l_star_cyc,Bihar,11,0.7857142857142857,0.7142857142857143,0.8214285714285714,14.944350033869142
PRELIMINARY,qwen25_7b,l_star_cyc,Kerala,31,0.7857142857142857,0.7142857142857143,0.8214285714285714,15.699711702830191
PRELIMINARY,qwen25_7b,l_star_cyc,Uttarakhand,59,0.7857142857142857,0.7142857142857143,0.8214285714285714,14.12643345796901
PRELIMINARY,qwen25_7b,l_star_cyc,West_Bengal,37,0.7857142857142857,0.75,0.8214285714285714,14.82799507914487
PRELIMINARY,qwen25_7b,l_star_cyc,Haryana,39,0.7857142857142857,0.7142857142857143,0.8214285714285714,14.77773060377069
PRELIMINARY,qwen25_7b,l_star_cyc,Himachal_Pradesh,42,0.8214285714285714,0.7321428571428572,0.8214285714285714,13.988105800478142
PRELIMINARY,qwen25_7b,l_star_cyc,Assam,49,0.8214285714285714,0.7857142857142857,0.8214285714285714,15.147910613418679
PRELIMINARY,qwen25_7b,l_star_cyc,Jammu_kashmir,21,0.8214285714285714,0.7857142857142857,0.8214285714285714,14.415964980281508
PRELIMINARY,qwen25_7b,l_star_cyc,Delhi,79,0.8214285714285714,0.7857142857142857,0.8214285714285714,17.094547876245034
PRELIMINARY,qwen25_7b,l_star_cyc,Andaman_and_Nicobar,15,0.8214285714285714,0.7142857142857143,0.8928571428571429,12.186573772096118
PRELIMINARY,qwen25_7b,l_star_cyc,Mizoram,11,0.8214285714285714,0.7142857142857143,0.8928571428571429,13.203172560491291
PRELIMINARY,qwen25_7b,l_star_cyc,Madhya_Pradesh,38,0.8214285714285714,0.7321428571428572,0.8214285714285714,14.418501056608665
PRELIMINARY,qwen25_7b,l_star_cyc,Ladakh,9,0.8214285714285714,0.75,0.8928571428571429,13.948728526476591
PRELIMINARY,qwen25_7b,l_star_cyc,Nagaland,21,0.8214285714285714,0.8214285714285714,0.8571428571428571,13.562584116802768
PRELIMINARY,qwen25_7b,l_star_cyc,Punjab,19,0.8214285714285714,0.7142857142857143,0.8214285714285714,15.857334341072402
PRELIMINARY,qwen25_7b,l_star_cyc,Chandigarh,19,0.8214285714285714,0.7857142857142857,0.8214285714285714,14.57433685893106
PRELIMINARY,qwen25_7b,l_star_cyc,Chhattisgarh,37,0.8214285714285714,0.75,0.8214285714285714,13.759416283609365
PRELIMINARY,qwen25_7b,l_star_cyc,Dadra_and_Nagar_Haveli_and_Daman_and_Diu,24,0.8214285714285714,0.7678571428571428,0.8571428571428572,8.318254328798846
PRELIMINARY,qwen25_7b,l_star_cyc,Rajasthan,25,0.8214285714285714,0.75,0.8214285714285714,15.241056400994852
PRELIMINARY,qwen25_7b,l_star_cyc,Sikkim,32,0.8214285714285714,0.7321428571428572,0.8214285714285714,13.87966588069071
PRELIMINARY,qwen25_7b,l_star_cyc,Puducherry,19,0.8214285714285714,0.75,0.8214285714285714,12.816052868024965
PRELIMINARY,qwen25_7b,l_star_cyc,Tripura,30,0.8214285714285714,0.75,0.8214285714285714,13.550720453524779
PRELIMINARY,qwen25_7b,d_margin,Andaman_and_Nicobar,15,0.7142857142857143,0.7142857142857143,0.7857142857142857,12.186573772096118
PRELIMINARY,qwen25_7b,d_margin,Andhra_Pradesh,53,0.7142857142857143,0.7142857142857143,0.7142857142857143,14.71745121830546
PRELIMINARY,qwen25_7b,d_margin,Arunachal_Pradesh,66,0.7142857142857143,0.7142857142857143,0.7142857142857143,13.446629999072814
PRELIMINARY,qwen25_7b,d_margin,Assam,49,0.7142857142857143,0.7142857142857143,0.75,15.147910613418679
PRELIMINARY,qwen25_7b,d_margin,Chandigarh,19,0.7142857142857143,0.7142857142857143,0.7142857142857143,14.57433685893106
PRELIMINARY,qwen25_7b,d_margin,Chhattisgarh,37,0.7142857142857143,0.7142857142857143,0.75,13.759416283609365
PRELIMINARY,qwen25_7b,d_margin,Dadra_and_Nagar_Haveli_and_Daman_and_Diu,22,0.7142857142857143,0.7142857142857143,0.7142857142857143,8.318254328798846
PRELIMINARY,qwen25_7b,d_margin,Delhi,78,0.7142857142857143,0.7142857142857143,0.7142857142857143,17.094547876245034
PRELIMINARY,qwen25_7b,d_margin,Himachal_Pradesh,42,0.7142857142857143,0.7142857142857143,0.7142857142857143,13.988105800478142
PRELIMINARY,qwen25_7b,d_margin,Goa,21,0.7142857142857143,0.7142857142857143,0.7142857142857143,15.267725141482762
PRELIMINARY,qwen25_7b,d_margin,Gujarat,25,0.7142857142857143,0.6785714285714286,0.75,15.375669987020522
PRELIMINARY,qwen25_7b,d_margin,Haryana,39,0.7142857142857143,0.7142857142857143,0.75,14.77773060377069
PRELIMINARY,qwen25_7b,d_margin,Jharkhand,43,0.7142857142857143,0.7142857142857143,0.7142857142857143,14.01227810057161
PRELIMINARY,qwen25_7b,d_margin,Jammu_kashmir,21,0.7142857142857143,0.7142857142857143,0.75,14.415964980281508
PRELIMINARY,qwen25_7b,d_margin,Karnataka,112,0.7142857142857143,0.7142857142857143,0.7142857142857143,15.284040451528371
PRELIMINARY,qwen25_7b,d_margin,Kerala,30,0.7142857142857143,0.7142857142857143,0.7142857142857143,15.699711702830191
PRELIMINARY,qwen25_7b,d_margin,Odisha,29,0.7142857142857143,0.7142857142857143,0.7142857142857143,14.568981138507324
PRELIMINARY,qwen25_7b,d_margin,Ladakh,9,0.7142857142857143,0.7142857142857143,0.8214285714285714,13.948728526476591
PRELIMINARY,qwen25_7b,d_margin,Lakshadweep,4,0.7142857142857143,0.7142857142857143,0.8214285714285714,12.14072312895802
PRELIMINARY,qwen25_7b,d_margin,Madhya_Pradesh,38,0.7142857142857143,0.7142857142857143,0.75,14.418501056608665
PRELIMINARY,qwen25_7b,d_margin,Maharashtra,17,0.7142857142857143,0.7142857142857143,0.75,15.444486749032034
PRELIMINARY,qwen25_7b,d_margin,Manipur,48,0.7142857142857143,0.7142857142857143,0.75,13.981708660995055
PRELIMINARY,qwen25_7b,d_margin,Meghalaya,10,0.7142857142857143,0.6785714285714286,0.7857142857142857,13.51776198791223
PRELIMINARY,qwen25_7b,d_margin,Mizoram,11,0.7142857142857143,0.6785714285714286,0.75,13.203172560491291
PRELIMINARY,qwen25_7b,d_margin,Tamil_Nadu,75,0.7142857142857143,0.7142857142857143,0.7142857142857143,15.176443263984758
PRELIMINARY,qwen25_7b,d_margin,Puducherry,18,0.7142857142857143,0.7142857142857143,0.7142857142857143,12.816052868024965
PRELIMINARY,qwen25_7b,d_margin,Punjab,19,0.7142857142857143,0.7142857142857143,0.7142857142857143,15.857334341072402
PRELIMINARY,qwen25_7b,d_margin,Rajasthan,24,0.7142857142857143,0.7142857142857143,0.75,15.241056400994852
PRELIMINARY,qwen25_7b,d_margin,Telangana,116,0.7142857142857143,0.7142857142857143,0.7142857142857143,14.528282408810519
PRELIMINARY,qwen25_7b,d_margin,Sikkim,31,0.7142857142857143,0.7142857142857143,0.75,13.87966588069071
PRELIMINARY,qwen25_7b,d_margin,Uttar_Pradesh,41,0.7142857142857143,0.7142857142857143,0.75,14.967724275227566
PRELIMINARY,qwen25_7b,d_margin,Tripura,26,0.7142857142857143,0.7142857142857143,0.7142857142857143,13.550720453524779
PRELIMINARY,qwen25_7b,d_margin,Uttarakhand,58,0.7142857142857143,0.7142857142857143,0.7321428571428572,14.12643345796901
PRELIMINARY,qwen25_7b,d_margin,West_Bengal,36,0.7142857142857143,0.7142857142857143,0.75,14.82799507914487
PRELIMINARY,qwen25_7b,d_margin,Nagaland,20,0.7321428571428572,0.7142857142857143,0.7857142857142857,13.562584116802768
PRELIMINARY,qwen25_7b,d_margin,Bihar,11,0.75,0.7142857142857143,0.75,14.944350033869142
PRELIMINARY,qwen25_7b,l_star_cal_mean,Andaman_and_Nicobar,14,0.7142857142857143,0.7053571428571428,0.75,12.186573772096118
PRELIMINARY,qwen25_7b,l_star_cal_mean,Andhra_Pradesh,53,0.7142857142857143,0.6964285714285714,0.7321428571428571,14.71745121830546
PRELIMINARY,qwen25_7b,l_star_cal_mean,Arunachal_Pradesh,65,0.7142857142857143,0.7142857142857143,0.7321428571428571,13.446629999072814
PRELIMINARY,qwen25_7b,l_star_cal_mean,Chandigarh,19,0.7142857142857143,0.6964285714285714,0.7321428571428571,14.57433685893106
PRELIMINARY,qwen25_7b,l_star_cal_mean,Dadra_and_Nagar_Haveli_and_Daman_and_Diu,21,0.7142857142857143,0.7142857142857143,0.7321428571428571,8.318254328798846
PRELIMINARY,qwen25_7b,l_star_cal_mean,Chhattisgarh,35,0.7142857142857143,0.6964285714285714,0.7678571428571429,13.759416283609365
PRELIMINARY,qwen25_7b,l_star_cal_mean,Goa,20,0.7142857142857143,0.7142857142857143,0.7410714285714286,15.267725141482762
PRELIMINARY,qwen25_7b,l_star_cal_mean,Delhi,72,0.7142857142857143,0.7142857142857143,0.7142857142857143,17.094547876245034
PRELIMINARY,qwen25_7b,l_star_cal_mean,Karnataka,108,0.7142857142857143,0.7142857142857143,0.7142857142857143,15.284040451528371
PRELIMINARY,qwen25_7b,l_star_cal_mean,Odisha,28,0.7142857142857143,0.7053571428571428,0.7142857142857143,14.568981138507324
PRELIMINARY,qwen25_7b,l_star_cal_mean,Punjab,19,0.7142857142857143,0.6964285714285714,0.7321428571428571,15.857334341072402
PRELIMINARY,qwen25_7b,l_star_cal_mean,Rajasthan,23,0.7142857142857143,0.7142857142857143,0.75,15.241056400994852
PRELIMINARY,qwen25_7b,l_star_cal_mean,Telangana,111,0.7142857142857143,0.7142857142857143,0.7321428571428571,14.528282408810519
PRELIMINARY,qwen25_7b,l_star_cal_mean,Puducherry,17,0.7142857142857143,0.6964285714285714,0.7142857142857143,12.816052868024965
PRELIMINARY,qwen25_7b,l_star_cal_mean,Maharashtra,16,0.7142857142857143,0.7142857142857143,0.75,15.444486749032034
PRELIMINARY,qwen25_7b,l_star_cal_mean,Mizoram,11,0.7142857142857143,0.6607142857142857,0.8035714285714286,13.203172560491291
PRELIMINARY,qwen25_7b,l_star_cal_mean,Tripura,25,0.7142857142857143,0.7142857142857143,0.7321428571428571,13.550720453524779
PRELIMINARY,qwen25_7b,l_star_cal_mean,Lakshadweep,4,0.7232142857142857,0.7142857142857143,0.7857142857142857,12.14072312895802
PRELIMINARY,qwen25_7b,l_star_cal_mean,Himachal_Pradesh,40,0.7232142857142857,0.7142857142857143,0.7321428571428571,13.988105800478142
PRELIMINARY,qwen25_7b,l_star_cal_mean,Meghalaya,10,0.7232142857142857,0.6964285714285714,0.8214285714285714,13.51776198791223
PRELIMINARY,qwen25_7b,l_star_cal_mean,Jammu_kashmir,20,0.7232142857142857,0.7142857142857143,0.75,14.415964980281508
PRELIMINARY,qwen25_7b,l_star_cal_mean,Ladakh,8,0.7232142857142857,0.7142857142857143,0.7678571428571429,13.948728526476591
PRELIMINARY,qwen25_7b,l_star_cal_mean,Uttar_Pradesh,40,0.7232142857142857,0.7142857142857143,0.75,14.967724275227566
PRELIMINARY,qwen25_7b,l_star_cal_mean,Assam,47,0.7321428571428571,0.7142857142857143,0.75,15.147910613418679
PRELIMINARY,qwen25_7b,l_star_cal_mean,Jharkhand,42,0.7321428571428571,0.7142857142857143,0.75,14.01227810057161
PRELIMINARY,qwen25_7b,l_star_cal_mean,Haryana,37,0.7321428571428571,0.7142857142857143,0.75,14.77773060377069
PRELIMINARY,qwen25_7b,l_star_cal_mean,Kerala,30,0.7321428571428571,0.7142857142857143,0.7321428571428571,15.699711702830191
PRELIMINARY,qwen25_7b,l_star_cal_mean,Madhya_Pradesh,38,0.7321428571428571,0.7142857142857143,0.75,14.418501056608665
PRELIMINARY,qwen25_7b,l_star_cal_mean,Manipur,45,0.7321428571428571,0.7142857142857143,0.75,13.981708660995055
PRELIMINARY,qwen25_7b,l_star_cal_mean,Nagaland,19,0.7321428571428571,0.6964285714285714,0.75,13.562584116802768
PRELIMINARY,qwen25_7b,l_star_cal_mean,Gujarat,25,0.7321428571428571,0.6964285714285714,0.7321428571428571,15.375669987020522
PRELIMINARY,qwen25_7b,l_star_cal_mean,Bihar,10,0.7321428571428571,0.7321428571428571,0.75,14.944350033869142
PRELIMINARY,qwen25_7b,l_star_cal_mean,Tamil_Nadu,73,0.7321428571428571,0.7142857142857143,0.7321428571428571,15.176443263984758
PRELIMINARY,qwen25_7b,l_star_cal_mean,Sikkim,29,0.7321428571428571,0.7142857142857143,0.7678571428571429,13.87966588069071
PRELIMINARY,qwen25_7b,l_star_cal_mean,Uttarakhand,55,0.7321428571428571,0.7142857142857143,0.75,14.12643345796901
PRELIMINARY,qwen25_7b,l_star_cal_mean,West_Bengal,36,0.7321428571428571,0.7053571428571428,0.75,14.82799507914487
PRELIMINARY,qwen25_7b,l_star_mean,Lakshadweep,4,0.5446428571428572,0.5178571428571429,0.8571428571428571,12.14072312895802
PRELIMINARY,qwen25_7b,l_star_mean,Andhra_Pradesh,53,0.7678571428571429,0.75,0.8035714285714286,14.71745121830546
PRELIMINARY,qwen25_7b,l_star_mean,Gujarat,25,0.7678571428571429,0.5357142857142857,0.8214285714285714,15.375669987020522
PRELIMINARY,qwen25_7b,l_star_mean,Goa,21,0.7678571428571429,0.75,0.8571428571428571,15.267725141482762
PRELIMINARY,qwen25_7b,l_star_mean,Maharashtra,17,0.7678571428571429,0.5178571428571429,0.8214285714285714,15.444486749032034
PRELIMINARY,qwen25_7b,l_star_mean,Odisha,29,0.7678571428571429,0.5357142857142857,0.8214285714285714,14.568981138507324
PRELIMINARY,qwen25_7b,l_star_mean,Uttarakhand,57,0.7678571428571429,0.625,0.8214285714285714,14.12643345796901
PRELIMINARY,qwen25_7b,l_star_mean,Meghalaya,10,0.7767857142857142,0.5982142857142858,0.8392857142857143,13.51776198791223
PRELIMINARY,qwen25_7b,l_star_mean,Kerala,30,0.7857142857142857,0.75,0.8214285714285714,15.699711702830191
PRELIMINARY,qwen25_7b,l_star_mean,Punjab,19,0.7857142857142857,0.7142857142857143,0.8392857142857143,15.857334341072402
PRELIMINARY,qwen25_7b,l_star_mean,Tamil_Nadu,75,0.7857142857142857,0.7321428571428571,0.7857142857142857,15.176443263984758
PRELIMINARY,qwen25_7b,l_star_mean,Manipur,49,0.7857142857142857,0.75,0.8035714285714286,13.981708660995055
PRELIMINARY,qwen25_7b,l_star_mean,Karnataka,110,0.7857142857142857,0.75,0.8035714285714286,15.284040451528371
PRELIMINARY,qwen25_7b,l_star_mean,Arunachal_Pradesh,66,0.7857142857142857,0.7678571428571429,0.8125,13.446629999072814
PRELIMINARY,qwen25_7b,l_star_mean,Tripura,26,0.7857142857142857,0.6515625,0.8571428571428571,13.550720453524779
PRELIMINARY,qwen25_7b,l_star_mean,Haryana,38,0.7946428571428572,0.7589285714285714,0.8303571428571428,14.77773060377069
PRELIMINARY,qwen25_7b,l_star_mean,Telangana,115,0.8035714285714286,0.7857142857142857,0.8214285714285714,14.528282408810519
PRELIMINARY,qwen25_7b,l_star_mean,Himachal_Pradesh,39,0.8035714285714286,0.75,0.8214285714285714,13.988105800478142
PRELIMINARY,qwen25_7b,l_star_mean,Chhattisgarh,35,0.8035714285714286,0.7678571428571429,0.8214285714285714,13.759416283609365
PRELIMINARY,qwen25_7b,l_star_mean,Bihar,11,0.8035714285714286,0.5357142857142857,0.9107142857142857,14.944350033869142
PRELIMINARY,qwen25_7b,l_star_mean,West_Bengal,36,0.8035714285714286,0.7857142857142857,0.8214285714285714,14.82799507914487
PRELIMINARY,qwen25_7b,l_star_mean,Uttar_Pradesh,42,0.8035714285714286,0.7767857142857143,0.8214285714285714,14.967724275227566
PRELIMINARY,qwen25_7b,l_star_mean,Assam,48,0.8035714285714286,0.7678571428571429,0.8303571428571428,15.147910613418679
PRELIMINARY,qwen25_7b,l_star_mean,Andaman_and_Nicobar,14,0.8125,0.6964285714285714,0.8571428571428571,12.186573772096118
PRELIMINARY,qwen25_7b,l_star_mean,Dadra_and_Nagar_Haveli_and_Daman_and_Diu,22,0.8125,0.7678571428571428,0.8571428571428571,8.318254328798846
PRELIMINARY,qwen25_7b,l_star_mean,Puducherry,18,0.8214285714285714,0.7857142857142857,0.8571428571428571,12.816052868024965
PRELIMINARY,qwen25_7b,l_star_mean,Ladakh,8,0.8214285714285714,0.5535714285714286,0.8928571428571429,13.948728526476591
PRELIMINARY,qwen25_7b,l_star_mean,Madhya_Pradesh,38,0.8214285714285714,0.75,0.8303571428571428,14.418501056608665
PRELIMINARY,qwen25_7b,l_star_mean,Jharkhand,43,0.8214285714285714,0.7678571428571429,0.8392857142857143,14.01227810057161
PRELIMINARY,qwen25_7b,l_star_mean,Jammu_kashmir,20,0.8214285714285714,0.7857142857142857,0.875,14.415964980281508
PRELIMINARY,qwen25_7b,l_star_mean,Delhi,74,0.8214285714285714,0.7857142857142857,0.8214285714285714,17.094547876245034
PRELIMINARY,qwen25_7b,l_star_mean,Chandigarh,19,0.8214285714285714,0.8035714285714286,0.8571428571428571,14.57433685893106
PRELIMINARY,qwen25_7b,l_star_mean,Nagaland,20,0.8214285714285714,0.7946428571428572,0.8482142857142857,13.562584116802768
PRELIMINARY,qwen25_7b,l_star_mean,Rajasthan,24,0.8214285714285714,0.7857142857142857,0.8571428571428571,15.241056400994852
PRELIMINARY,qwen25_7b,l_star_mean,Sikkim,32,0.8214285714285714,0.7857142857142857,0.8571428571428571,13.87966588069071
PRELIMINARY,qwen25_7b,l_star_mean,Mizoram,10,0.8482142857142857,0.7142857142857143,0.875,13.203172560491291
